엠마,지원형,I,엘리시온,작열,MG(머신건),스킬1,패시브,치어리딩,피격 시 5% 확률로 아군 전체에게,[시전자 최대 체력 비례 10.77% 회복],,
엠마,지원형,I,엘리시온,작열,MG(머신건),스킬2,패시브,템프테이션,자신의 체력이 90% 이상일 때 한하여 아군 전체에게,[받는 체력 회복량 13.33% ▲] [지속],,
엠마,지원형,I,엘리시온,작열,MG(머신건),버스트,액티브(40초),알트루이즘,아군 전체에게,[시전자 최대 체력 비례 39.6% 회복][공격 대미지 비례 39.6% 회복] [5초 유지],,
프리바티,화력형,III,엘리시온,수냉,AR(소총),스킬1,패시브,EX 매거진,풀 버스트 타임 시작 시 아군 전체에게,[공격력 23.61% ▲] [10초 유지][재장전 속도 51.16% ▲] [10초 유지][최대 장탄수 50.66%▼] [10초 유지],,
프리바티,화력형,III,엘리시온,수냉,AR(소총),스킬2,패시브,LD 어설트,마지막 탄환 명중 시 대상에게,[공격력 85.79% 추가 대미지],,
프리바티,화력형,III,엘리시온,수냉,AR(소총),스킬2,패시브,LD 어설트,마지막 탄환 명중 시 대상이 기절 상태라면 동일 적 대상에게,[공격력 1089% 추가 대미지],,
프리바티,화력형,III,엘리시온,수냉,AR(소총),버스트,액티브(40초),AK 미사일,적 전체에게,[공격력 457.87% 대미지][기절] [3초 유지],,
시그널,화력형,II,엘리시온,작열,SMG(기관단총),스킬1,패시브,어택 시그널,일반 공격 60회 명중 시 대상에게,[방어력 5.94%▼] [5초 유지][공격력 5.94%▼] [5초 유지],,
시그널,화력형,II,엘리시온,작열,SMG(기관단총),스킬2,패시브,웨이팅 포 시그널,풀 버스트 타임 시작 시 자신에게,[공격 대미지 비례 44.08% 회복] [10초 유지],,
시그널,화력형,II,엘리시온,작열,SMG(기관단총),버스트,액티브(20초),이머전시 시그널,공격 범위 내 적들에게,[공격력 229.22% 대미지],,
폴리,방어형,II,엘리시온,수냉,SG(샷건),스킬1,패시브,브레이브 콜,일반 공격 5회 공격시 아군 전체에게,[공격력 5.46% ▲] [10초 유지],,
폴리,방어형,II,엘리시온,수냉,SG(샷건),스킬2,액티브(20초),도그 테라피,자신과 자신을 제외한 체력이 가장 낮은 아군 2기에게,[방어력 23.51% ▲] [10초 유지][받는 대미지 분배] [10초 유지],,
폴리,방어형,II,엘리시온,수냉,SG(샷건),버스트,액티브(40초),폴리스 라인,자신에게,[시전자 최대 체력 비례 22.27% 아군 공용 보호막] [10초 유지],,
폴리,방어형,II,엘리시온,수냉,SG(샷건),버스트,액티브(40초),폴리스 라인,아군 전체에게,[공격력 44.55% ▲] [10초 유지],,
미란다,지원형,I,엘리시온,작열,SMG(기관단총),스킬1,패시브,헬스업![애장품 3단계],일반 공격 30회 명중 시 아군 전체에게,[명중률 5.44% ▲] [5초 유지],일반 공격 30회 명중 시 아군 전체에게,[명중률 5.44% ▲] [5초 유지]
미란다,지원형,I,엘리시온,작열,SMG(기관단총),스킬1,패시브,헬스업![애장품 3단계],일반 공격 30회 명중 시 기관 단총 아군 전체에게,[명중률 3.79% ▲] [5초 유지],일반 공격 30회 명중 시 기관 단총 아군 전체에게■ 일반 공격 30회 명중 시 자신에게,[명중률 3.79% ▲] [5초 유지][공격력 50.6% ▲] [5초 유지]
미란다,지원형,I,엘리시온,작열,SMG(기관단총),스킬2,패시브,웨이크업![애장품 2단계],풀 버스트 타임 시작 시 아군 전체에게,[크리티컬 대미지 32.99% ▲][10초 유지],풀 버스트 타임 시작 시 아군 전체에게■ 풀 버스트 타임 시작 시 자신에게■ 풀 버스트 타임 시작 시 자신을 제외한 공격력이 가장 높은 아군 1기에게(대상 부족 시 자신 포함),[크리티컬 대미지 32.99% ▲][10초 유지][크리티컬 확률 30.1% ▲] [10초 유지][공격 대미지 23.7% ▲] [10초 유지][크리티컬 확률 85.42% ▲] [1발 유지]
미란다,지원형,I,엘리시온,작열,SMG(기관단총),버스트,액티브(20초),파워 업![애장품 1단계],자신을 제외한 공격력이 가장 높은 아군 1기에게(대상 부족 시 자신 포함),[공격력 40.4% ▲] [10초 유지][크리티컬 대미지 56.23% ▲] [10초 유지],자신을 제외한 공격력이 가장 높은 아군 2기에게(대상 부족 시 자신 포함),[공격력 40.4% ▲] [10초 유지][크리티컬 대미지 56.23% ▲] [10초 유지]
브리드,화력형,III,엘리시온,수냉,AR(소총),스킬1,패시브,엑셀러레이션,일반 공격 30회 공격 시 자신에게,[공격력 18.52% ▲] [10초 유지],,
브리드,화력형,III,엘리시온,수냉,AR(소총),스킬2,액티브(10초),리크,방어력이 가장 높은 적 1기에게,[공격력 211.2% 대미지],,
브리드,화력형,III,엘리시온,수냉,AR(소총),버스트,액티브(40초),AZX,방어력이 가장 높은 적 1기에게,[공격력 1440% 대미지],,
브리드,화력형,III,엘리시온,수냉,AR(소총),버스트,액티브(40초),AZX,자신의 체력이 최대라면 동일 적 대상에게,[공격력 1440% 추가 대미지],,
솔린,화력형,III,엘리시온,철갑,SMG(기관단총),스킬1,패시브,유능하게!,일반 공격 40회 공격 시 자신에게,[공격 속도 7.26% ▲] [3초 유지],,
솔린,화력형,III,엘리시온,철갑,SMG(기관단총),스킬2,패시브,어른스럽게!,자신의 체력이 최대일 때 한하여 자신에게,[크리티컬 확률 21.62% ▲] [지속][크리티컬 대미지 62.27% ▲] [지속],,
솔린,화력형,III,엘리시온,철갑,SMG(기관단총),버스트,액티브(40초),나도 한다면 해!,공격 범위 내 적들에게,[공격력 396% 대미지],,
솔린,화력형,III,엘리시온,철갑,SMG(기관단총),버스트,액티브(40초),나도 한다면 해!,자신의 체력이 최대라면 동일 적 대상에게,[공격력 924% 추가 대미지],,
디젤,방어형,II,엘리시온,풍압,MG(머신건),스킬1,패시브,딸기향 이끌림[애장품 3단계],풀 버스트 타임 시작 시 자신에게,[방어력 25.92% ▲] [10초 유지],풀 버스트 타임 시작 시 자신에게,[방어력 25.92% ▲] [10초 유지]
디젤,방어형,II,엘리시온,풍압,MG(머신건),스킬1,패시브,딸기향 이끌림[애장품 3단계],풀 버스트 타임 지속 시간 중 피격 시 자신에게,[시전자 최대 체력 비례 12.96% 회복],풀 버스트 타임 지속 시간 중 피격 시 자신에게■ 일반 공격 150회 명중 시 자신이 주목 상태라면 자신에게,[시전자 최대 체력 비례 12.96% 회복][중첩 가능 이로운 효과 중첩량 1개 ▲]
디젤,방어형,II,엘리시온,풍압,MG(머신건),스킬2,패시브,딸기 사탕의 힘[애장품 1단계],일반 공격 100회 명중 시 자신에게,[딸기 사탕: 최대 장탄수 56.7% ▲] [10 중첩] [10초 유지],일반 공격 70회 명중 시 자신에게,[딸기 사탕: 최대 장탄수 56.7% ▲] [10 중첩] [10초 유지]
디젤,방어형,II,엘리시온,풍압,MG(머신건),스킬2,패시브,딸기 사탕의 힘[애장품 1단계],자신이 딸기 사탕 최대 중첩 상태라면 중첩 해제 후 아군 전체에게,[탄환 충전 86.62%],자신이 딸기 사탕 최대 중첩 상태라면 중첩 해제 후 아군 전체에게,[탄환 충전 86.62%][관통 대미지 30% ▲] [10초 유지]
디젤,방어형,II,엘리시온,풍압,MG(머신건),버스트,액티브(20초),스트로베리 쇼크[애장품 2단계],공격력이 가장 높은 적 5기에게,[공격력 299.66% 대미지][도발] [5.06초 유지],공격력이 가장 높은 적 5기에게■ 자신에게,[공격력 299.66% 대미지][최대 체력만 100.05% ▲] [10초 유지][주목 : 적 전체 도발] [10초 유지]
베스티,화력형,III,엘리시온,수냉,RL(런처),스킬1,패시브,상상실현,풀차지 공격 명중 시 자신에게,[폭발 범위 15.01% ▲][10초 유지],,
베스티,화력형,III,엘리시온,수냉,RL(런처),스킬2,패시브,생존본능,버스트 스킬 사용 시 자신에게,[생존본능: 공격력 5.35% ▲] [45초 유지],,
베스티,화력형,III,엘리시온,수냉,RL(런처),스킬2,패시브,생존본능,버스트 스킬 사용 시 자신이 생존본능 상태라면 자신에게,[생존본능 2: 크리티컬 대미지 22.34% ▲] [하위 효과 중복 적용] [45초 유지],,
베스티,화력형,III,엘리시온,수냉,RL(런처),스킬2,패시브,생존본능,버스트 스킬 사용 시 자신이 생존본능 2 상태라면 자신에게,[생존본능 3: 크리티컬 확률 15.51% ▲] [하위 효과 중복 적용] [45초 유지],,
베스티,화력형,III,엘리시온,수냉,RL(런처),버스트,액티브(40초),정당방위,자신에게,[미사일 컨테이너 2기 호출] :기능: 체력이 가장 낮은 적에게 공격력 15.56% 대미지공격 간격: 1초유지 시간: 18초,,
베스티,화력형,III,엘리시온,수냉,RL(런처),버스트,액티브(40초),정당방위,적 전체에게,[자신 상태 별 추가 효과] [하위 효과 중복 적용] :생존본능 1 : [공격력 210.62% 대미지]생존본능 2 : [공격력 247.25% 대미지]생존본능 3 : [공격력 302.19% 대미지],,
베스티,화력형,III,엘리시온,수냉,RL(런처),버스트,액티브(40초),정당방위,아군 전체에게,[풀 버스트 타임 지속 시간 5초 ▼],,
은화,화력형,II,엘리시온,작열,SR(저격소총),스킬1,패시브,준비 태세,마지막 탄환 공격 후 자신에게,[차지 대미지 37.28% ▲] [2발 유지][차지속도 15.53% ▲] [2발 유지],,
은화,화력형,II,엘리시온,작열,SR(저격소총),스킬2,패시브,약점 간파,마지막 탄환 공격 후 대상에게,[방어력 29%▼] [5초 유지],,
은화,화력형,II,엘리시온,작열,SR(저격소총),버스트,액티브(20초),전세 역전,공격력이 가장 높은 적 10기에게,[공격력 85.62% 대미지][방어력 2.43%▼][15초 유지],,
은화,화력형,II,엘리시온,작열,SR(저격소총),버스트,액티브(20초),전세 역전,아군 전체에게,[크리티컬 확률 4.65% ▲] [15초 유지],,
길로틴,화력형,III,엘리시온,전격,MG(머신건),스킬1,패시브,유열,일반 공격 30회 명중 시 자신에게,[크리티컬 확률 9.28% ▲] [10초 유지][현재 체력 2.01%▼],,
길로틴,화력형,III,엘리시온,전격,MG(머신건),스킬2,패시브,흑화,일반 공격 150회 명중 시 자신에게,[크리티컬 대미지 14.69% ▲] [5초 유지],,
길로틴,화력형,III,엘리시온,전격,MG(머신건),스킬2,패시브,흑화,자신의 체력이 70% 이하일 때 한하여 자신에게,[잃은 체력 1% 당 공격력0.96% ▲] [지속],,
길로틴,화력형,III,엘리시온,전격,MG(머신건),버스트,액티브(40초),마계흑룡파,공격력이 가장 높은 적 1기에게,[공격력 1237.5% 대미지],,
길로틴,화력형,III,엘리시온,전격,MG(머신건),버스트,액티브(40초),마계흑룡파,자신의 체력이 50% 이하라면 동일 적 대상에게,[공격력 1237.5% 추가 대미지],,
메이든,화력형,III,엘리시온,전격,SG(샷건),스킬1,패시브,언령 : 기교의 언,20회 피격 시 자신에게,[복수: 공격력 26.66% ▲] [20초 유지],,
메이든,화력형,III,엘리시온,전격,SG(샷건),스킬2,액티브(30초),언령 : 필중의 언,적 전체에게,[도발] [10초 유지],,
메이든,화력형,III,엘리시온,전격,SG(샷건),스킬2,액티브(30초),언령 : 필중의 언,자신에게,[크리티컬 대미지 152.84% ▲] [10초 유지],,
메이든,화력형,III,엘리시온,전격,SG(샷건),버스트,액티브(40초),언령 : 힘있는 말,적 전체에게,[최종 공격력 457.87% 대미지],,
메이든,화력형,III,엘리시온,전격,SG(샷건),버스트,액티브(40초),언령 : 힘있는 말,자신이 복수 상태라면 동일 적 대상에게,[최종 공격력 457.87% 추가 대미지],,
D,화력형,III,엘리시온,풍압,SMG(기관단총),스킬1,패시브,노도,풀 버스트 타임 시작 시 자신에게,[우월 코드 공격 대미지 46.93% 증가] [15초 유지][공격 대미지 비례 3.52% 회복] [15초 유지],,
D,화력형,III,엘리시온,풍압,SMG(기관단총),스킬1,패시브,노도,최초 발동 시 추가로 자신에게,[공격 대미지 비례 16.5% 회복] [15초 유지],,
D,화력형,III,엘리시온,풍압,SMG(기관단총),스킬2,패시브,기습,타겟이 출현했다면 아군 전체에게,[버스트 게이지 충전 98.56%] [전투 중 1회 발동][기절 면역] [36.95초 유지],,
D,화력형,III,엘리시온,풍압,SMG(기관단총),스킬2,패시브,기습,타겟이 출현했다면 자신에게,[우월 코드 공격 대미지 91.09% 증가] [15초 유지],,
D,화력형,III,엘리시온,풍압,SMG(기관단총),버스트,액티브(40초),처단,적 전체에게,[공격력 426.24% 대미지],,
D,화력형,III,엘리시온,풍압,SMG(기관단총),버스트,액티브(40초),처단,화력형 아군 전체에게,[적의 파츠를 공격 시 해당 파츠에 가하는 대미지 42.38% 증가] [15초 유지],,
D,화력형,III,엘리시온,풍압,SMG(기관단총),버스트,액티브(40초),처단,자신이 기절 면역 상태라면 아군 전체에게,[풀 버스트 타임 지속 시간5.04초 ▲],,
헬름,화력형,III,엘리시온,수냉,SR(저격소총),스킬1,패시브,진두지휘[애장품 1단계],마지막 탄환 명중 시아군 전체에게,[일반 공격 크리티컬 확률 14.64% 증가] [5초 유지],마지막 탄환 명중 시아군 전체에게■ 풀 차지 공격 시 아군 전체에게,[일반 공격 크리티컬 확률 14.64% 증가] [5초 유지][시전자의 최종 최대 체력 비례 0.59% 회복][버스트 게이지 충전 14.31%]
헬름,화력형,III,엘리시온,수냉,SR(저격소총),스킬2,패시브,포문 개방[애장품 2단계],아군 전체에게,[저지 부위 공격 대미지 3.08% ▲] [지속],아군 전체에게,[저지 부위 공격 대미지 3.08% ▲] [지속]
헬름,화력형,III,엘리시온,수냉,SR(저격소총),스킬2,패시브,포문 개방[애장품 2단계],풀 버스트 타임 시작 시 아군 전체에게,[공격 대미지 11.85% ▲] [10초 유지],풀 버스트 타임 시작 시 아군 전체에게■ 풀 차지 공격 명중 시 대상에게,[공격 대미지 27.87% ▲] [10초 유지][최종 공격력 178.98% 추가 대미지]
헬름,화력형,III,엘리시온,수냉,SR(저격소총),버스트,액티브(40초),이지스 캐논[애장품 3단계],공격력이 가장 높은 적 1기에게,[공격력 1237.5% 대미지],공격력이 가장 높은 적 1기에게,[공격력 8236.8% 대미지]
헬름,화력형,III,엘리시온,수냉,SR(저격소총),버스트,액티브(40초),이지스 캐논[애장품 3단계],아군 전체에게,[공격 대미지 비례 54.45% 회복] [10초 유지],아군 전체에게■ 자신에게,[공격 대미지 비례 54.45% 회복] [10초 유지][차지 대미지 158.4% 배율 ▲] [10발 유지]
네온: 블루 오션(2023년 여름 6월),화력형,III,엘리시온,수냉,MG(머신건),스킬1,패시브,어퍼 웨이브,버스트 스킬 사용 시 자기 자신에게,[시작 횟수 별 효과] [하위 효과 중복 적용]1회 : [파츠 대미지 12.4% ▲] [20초 유지]2회 : [파츠 대미지 12.4% ▲] [20초 유지]3회 : [파츠 대미지 12.4% ▲] [20초 유지],,
네온: 블루 오션(2023년 여름 6월),화력형,III,엘리시온,수냉,MG(머신건),스킬2,패시브,워터 제트,버스트 3단계 돌입 시 자기 자신에게,「시작 횟수 별 효과」「하위 효과 중복 적용」1회 : 「우월 코드 공격 대미지 20.56% ▲」「10초 유지」2회 : 「우월 코드 공격 대미지 20.2% ▲」「10초 유지」3회 : 「우월 코드 공격 대미지 20.2% ▲」「10초 유지」,,
네온: 블루 오션(2023년 여름 6월),화력형,III,엘리시온,수냉,MG(머신건),버스트,액티브(40초),풀 하이드로 샷,자신에게,[사용 무기 변경]대미지: 최종 공격력 33%유지 시간: 7초,,
네온: 블루 오션(2023년 여름 6월),화력형,III,엘리시온,수냉,MG(머신건),버스트,액티브(40초),풀 하이드로 샷,대상이 작열 속성이라면,[최종 공격력 11% 추가 대미지],,
마스트,지원형,II,엘리시온,전격,SMG(기관단총),스킬1,패시브,해적의 근성,크리티컬 2회 적중 시 대상에게,[해풍: 시전자 기준 방어력 1.9% ▼] [50중첩] [3초 유지],,
마스트,지원형,II,엘리시온,전격,SMG(기관단총),스킬1,패시브,해적의 근성,자신의 체력이 70% 이하일 때 한하여 자신과 자신을 제외한 공격력이 가장 높은 아군 2기에게,[크리티컬 대미지 50.94% ▲] [지속],,
마스트,지원형,II,엘리시온,전격,SMG(기관단총),스킬2,패시브,해적의 안목,전투 시작 시 자신과 자신을 제외한 공격력이 가장 높은 아군 2기에게,[크리티컬 확률 23.56% ▲] [30초 유지],,
마스트,지원형,II,엘리시온,전격,SMG(기관단총),버스트,액티브(20초),비바람을 뚫고!,자신과 자신을 제외한 공격력이 가장 높은 아군 2기에게,[시전자 기준 최대 체력만 86.2% ▲] [7초 유지][크리티컬 대미지 25.19% ▲] [7초 유지],,
마스트,지원형,II,엘리시온,전격,SMG(기관단총),버스트,액티브(20초),비바람을 뚫고!,해풍 상태인 대상에게,[폭풍: 최종 공격력 4.52% 대미지] [해풍 중첩 복사] [1초 간격] [7초 유지],,
헬름 : 아쿠아마린(2023년 여름 8월),화력형,II,엘리시온,철갑,AR(소총),스킬1,패시브,위드 어드마이어,일반 공격 30회 명중 시 대상에게,[최종 공격력 131.34% 추가 대미지],,
헬름 : 아쿠아마린(2023년 여름 8월),화력형,II,엘리시온,철갑,AR(소총),스킬1,패시브,위드 어드마이어,풀 버스트 타임 시작 시 아군 전체에게,[시작 횟수 별 효과] [하위 효과 중복 적용]1회 : [버스트 스킬 재사용 시간 1.82초 ▼]2회 : [버스트 스킬 재사용 시간 2.2초 ▼]3회 : [버스트 스킬 재사용 시간 2.6초 ▼],,
헬름 : 아쿠아마린(2023년 여름 8월),화력형,II,엘리시온,철갑,AR(소총),스킬2,액티브(4초),이지스 캐논 견제 사격,무작위 적 1기에게,[최종 공격력 105.58% 대미지],,
헬름 : 아쿠아마린(2023년 여름 8월),화력형,II,엘리시온,철갑,AR(소총),스킬2,액티브(4초),이지스 캐논 견제 사격,대상이 전격 코드라면 동일 적 대상에게,[받는 대미지 5.64% ▲] [5중첩] [5초 유지],,
헬름 : 아쿠아마린(2023년 여름 8월),화력형,II,엘리시온,철갑,AR(소총),버스트,액티브(20초),이지스 캐논 오버로드,적 전체에게,[최종 공격력 164.83% 대미지],,
헬름 : 아쿠아마린(2023년 여름 8월),화력형,II,엘리시온,철갑,AR(소총),버스트,액티브(20초),이지스 캐논 오버로드,대상이 전격 코드라면 동일 적 대상에게,[최종 공격력 164.83% 추가 대미지],,
마르차나,지원형,II,엘리시온,철갑,SG(샷건),스킬1,패시브,드론 서포터,마지막 탄환 명중 시 아군 전체에게,[대미지 비례 10.95% 회복] [3초 유지],,
마르차나,지원형,II,엘리시온,철갑,SG(샷건),스킬1,패시브,드론 서포터,마지막 탄환 명중 시 공격력 높은 아군 2기에게,[받는 체력 회복량 26.98% ▲] [3초 유지],,
마르차나,지원형,II,엘리시온,철갑,SG(샷건),스킬2,패시브,양호 선생님,버스트 스킬 사용 시 아군 전체에게,[시전자 최종 최대 체력 비례 28.11% 회복],,
마르차나,지원형,II,엘리시온,철갑,SG(샷건),버스트,액티브(20초),스승의 은혜,아군 전체에게,[저장 : 시전자 기준 최대 체력 27.87% 까지 초과 받는 체력 회복량 저장] [10초 유지][시전자 방어력 비례 20.9% 방어력 ▲] [10초 유지],,
키리,지원형,III,엘리시온,풍압,RL(런처),스킬1,패시브,곁눈질,풀 차지 공격 명중 시 대상에게,[시전자 기준 공격력 8.94% ▼] [3초 유지],,
키리,지원형,III,엘리시온,풍압,RL(런처),스킬1,패시브,곁눈질,풀 차지 공격 시 방어형 아군 2기에게,[시전자 기준 공격력 5.81% ▲] [3초 유지],,
키리,지원형,III,엘리시온,풍압,RL(런처),스킬2,패시브,훑어보기,전투 시작 시 방어형 아군 2기에게,[최대 체력 11.63% ▲] [지속],,
키리,지원형,III,엘리시온,풍압,RL(런처),버스트,액티브(40초),꿰뚫어보기,아군 전체에게,[시전자의 최종 최대 체력 비례 6.96% 회복] [1초 간격] [10초 유지],,
키리,지원형,III,엘리시온,풍압,RL(런처),버스트,액티브(40초),꿰뚫어보기,방어형 아군 전체에게,[크리티컬 확률 19.9% ▲] [10초 유지],,
프리바티 : 언카인드 메이드,화력형,III,엘리시온,전격,SG(샷건),스킬1,패시브,열정 충만 메이드,펠릿 30회 명중 시 조준선에 가장 가까운 적 2기에게,[최종 공격력 202.84% 대미지],,
프리바티 : 언카인드 메이드,화력형,III,엘리시온,전격,SG(샷건),스킬2,패시브,사랑 가득 메이드,일반 공격 1회로 펠릿 5개 이상 명중 시 자신에게,[재장전 속도 20.88% ▲] [2초 유지],,
프리바티 : 언카인드 메이드,화력형,III,엘리시온,전격,SG(샷건),스킬2,패시브,사랑 가득 메이드,풀 버스트 타임 지속 시간 중 펠릿 30회 명중 시 자신에게,[탄환 충전 1발][공격력 11.22% ▲] [5회 중첩] [2초 유지],,
프리바티 : 언카인드 메이드,화력형,III,엘리시온,전격,SG(샷건),버스트,액티브(40초),부끄러운! 당신의 메이드,자신에게,[공격 대미지 10.56% ▲] [10초 유지][크리티컬 대미지 88.17% ▲] [10초 유지],,
프리바티 : 언카인드 메이드,화력형,III,엘리시온,전격,SG(샷건),버스트,액티브(40초),부끄러운! 당신의 메이드,적 전체에게,[최종 공격력 1066.66% 대미지],,
D : 킬러 와이프,지원형,I,엘리시온,작열,SR(저격소총),스킬1,패시브,캄 스나이핑,풀 차지 3회 공격 시 자신에게,[관통 특화] [1발 유지],,
D : 킬러 와이프,지원형,I,엘리시온,작열,SR(저격소총),스킬1,패시브,캄 스나이핑,풀 버스트 타임 시작 시 스나이퍼 라이플 소지 아군 전체에게,[관통 대미지 13.55% ▲] [10초 유지],,
D : 킬러 와이프,지원형,I,엘리시온,작열,SR(저격소총),스킬2,패시브,어썰트 포메이션,풀 차지 8회 공격 시 아군 전체에게,[버스트 스킬 재사용 시간 7초 ▼],,
D : 킬러 와이프,지원형,I,엘리시온,작열,SR(저격소총),스킬2,패시브,어썰트 포메이션,풀 차지 5회 공격 시 아군 전체에게,[공격 대미지 5.06% ▲] [10초 유지],,
D : 킬러 와이프,지원형,I,엘리시온,작열,SR(저격소총),버스트,액티브(20초),킬 더 타겟,조준선에 가장 가까운 적 1기에게,[최종 공격력 269.28% 추가 대미지][타겟 섬멸] [10초 유지],,
D : 킬러 와이프,지원형,I,엘리시온,작열,SR(저격소총),버스트,액티브(20초),킬 더 타겟,타겟 섬멸 상태인 대상에게 아군의 일반 공격이 특정 부위에 명중 시,[명중 부위] [명중 시 적용되는 이로운 효과]파츠를 명중시킨 아군 : [코어 대미지 16.26% ▲] [10초 유지]본체를 명중시킨 아군 : [시전자 기준 공격력 12.19% ▲] [10초 유지],,
츠바이,지원형,I,엘리시온,전격,SG(샷건),스킬1,패시브,관통 계산식,풀 버스트 타임 시작 시 아군 전체에게,[관통 대미지 20.13% ▲] [1발 유지][관통 대미지 10.06% ▲] [10초 유지],,
츠바이,지원형,I,엘리시온,전격,SG(샷건),스킬2,패시브,골조 해석,일반 공격 5회 공격시 아군 전체에게,[엄폐물 체력 회복 7.52%],,
츠바이,지원형,I,엘리시온,전격,SG(샷건),스킬2,패시브,골조 해석,풀 버스트 타임 시작 시 아군 전체에게,[크리티컬 확률 18.63% ▲] [5초 유지],,
츠바이,지원형,I,엘리시온,전격,SG(샷건),버스트,액티브(20초),과충전 공식,자신에게,[사용 무기 변경]차지 시간: 1.5초대미지: 최종 공격력 50.69%풀 차지 대미지: 300% 대미지최대 장탄 수: 1발추가 효과: 관통 특화,,
츠바이,지원형,I,엘리시온,전격,SG(샷건),버스트,액티브(20초),과충전 공식,아군 전체에게,[관통 대미지 15.48% ▲] [10초 유지],,
팬텀,화력형,III,엘리시온,수냉,AR(소총),스킬1,패시브,괴도의 예고장,일반 공격 명중 시 예고장 상태가 아닌 랩쳐라면 대상에게,[예고장 : 방어력 32.19% ▼] [5초 유지],,
팬텀,화력형,III,엘리시온,수냉,AR(소총),스킬1,패시브,괴도의 예고장,일반 공격 명중 시 대상이 예고장 상태가 아닌 랩쳐라면 대상에게,[괴도의 단검 : 명중률 25.75% ▲] [3중첩] [5초 유지],,
팬텀,화력형,III,엘리시온,수냉,AR(소총),스킬1,패시브,괴도의 예고장,일반 공격 명중 시 대상이 예고장 상태일 때 자신에게,[공격 대미지 75.17% ▲] [1발 유지],,
팬텀,화력형,III,엘리시온,수냉,AR(소총),스킬2,패시브,괴도의 시선,자신이 괴도의 단검 최대 중첩 상태라면 중첩 해제 후 예고장 상태의 대상에게,[최종 공격력 84.33% 추가 대미지] [효과 적용 후 예고장 제거],,
팬텀,화력형,III,엘리시온,수냉,AR(소총),스킬2,패시브,괴도의 시선,자신이 괴도의 단검 최대 중첩 상태라면 중첩 해제 후 자신에게,[분배 대미지 12.86% ▲] [3중첩] [버스트 스킬 사용 후 중첩 제거] [지속],,
팬텀,화력형,III,엘리시온,수냉,AR(소총),스킬2,패시브,괴도의 시선,일반 공격 10회 공격 시 자신에게,[공격력 85.12% ▲] [5초 유지][분배 대미지 31.92% ▲] [10초 유지],,
팬텀,화력형,III,엘리시온,수냉,AR(소총),버스트,액티브(40초),비기 괴도 난무,적 전체에게,[최종 공격력 1457.28% 분배 대미지],,
메이든 : 아이스 로즈(2024년 크리스마스),방어형,III,엘리시온,전격,RL(런처),스킬1,패시브,메디테이션,버스트 1단계 진입 시 자신의 MP가 0이라면 자신에게,[MP 1 회복] [MP 축적 가능] [버스트 스킬 사용 시 축적된 모든 MP 삭제],,
메이든 : 아이스 로즈(2024년 크리스마스),방어형,III,엘리시온,전격,RL(런처),스킬1,패시브,메디테이션,풀 버스트 타임 시작 시 자신의 MP가 1 이상이라면 자신에게,[MP 1 충전] [MP 축적 가능] [버스트 스킬 사용 시 축적된 모든 MP 삭제],,
메이든 : 아이스 로즈(2024년 크리스마스),방어형,III,엘리시온,전격,RL(런처),스킬1,패시브,메디테이션,풀 차지 공격 6회 공격 시 자신에게,[최대 체력만 6.34% ▲] [10 중첩] [15초 유지],,
메이든 : 아이스 로즈(2024년 크리스마스),방어형,III,엘리시온,전격,RL(런처),스킬2,패시브,블레스 유,MP 충전 시 자신을 제외한 전격 코드 아군 전체에게,[우월 코드 공격 대미지 40.9% ▲] [10초 유지][시전자 기준 공격력 20.9% ▲] [10초 유지],,
메이든 : 아이스 로즈(2024년 크리스마스),방어형,III,엘리시온,전격,RL(런처),스킬2,패시브,블레스 유,MP 사용 후 자신에게,[우월 코드 공격 대미지 31.68% ▲] [10초 유지][시전자의 최종 최대 체력의 3.2%만큼 공격력 ▲] [10초 유지],,
메이든 : 아이스 로즈(2024년 크리스마스),방어형,III,엘리시온,전격,RL(런처),스킬2,패시브,블레스 유,풀 차지 공격 1회 공격 시 조준선에 가장 가까운 적 1기에게,[최종 공격력 547.62% 대미지],,
메이든 : 아이스 로즈(2024년 크리스마스),방어형,III,엘리시온,전격,RL(런처),버스트,액티브(40초),다이아몬드 더스트,조준선에 가장 가까운 적 1기에게,[시전자의 최종 최대 체력의 10%를 공격력으로 합산한 1372.8% 대미지][보유 MP만큼 연속 공격],,
길로틴 : 윈터 슬레이어(2024년 크리스마스),화력형,III,엘리시온,수냉,AR(소총),스킬1,패시브,용사의 숙명,경험치 10 중첩 마다 자신에게,[용사 레벨 업 : 최대 11레벨까지 성장][용사 레벨 업 보상 : 탄환 충전 10.26%][용사 레벨 업 보상 : 시전자의 최종 최대 체력 비례 2.44% 회복],,
길로틴 : 윈터 슬레이어(2024년 크리스마스),화력형,III,엘리시온,수냉,AR(소총),스킬1,패시브,용사의 숙명,용사 레벨 업 시 수냉 코드 아군 전체에게,[우월 코드 공격 대미지 1.16% X 용사 레벨 수 ▲] [지속][시전자 기준 공격력 0.91% X 용사 레벨 수 ▲] [지속],,
길로틴 : 윈터 슬레이어(2024년 크리스마스),화력형,III,엘리시온,수냉,AR(소총),스킬2,패시브,용사의 자질,일반 공격 6회 명중 시 코어가 아니라면 자신에게,[경험치 : 공격력 1.81% ▲] [100중첩] [지속],,
길로틴 : 윈터 슬레이어(2024년 크리스마스),화력형,III,엘리시온,수냉,AR(소총),스킬2,패시브,용사의 자질,코어 3회 명중 시 자신에게,[경험치 : 공격력 1.81% ▲] [100중첩] [지속],,
길로틴 : 윈터 슬레이어(2024년 크리스마스),화력형,III,엘리시온,수냉,AR(소총),스킬2,패시브,용사의 자질,자신이 용사 레벨 2 이상일 때 한하여 자신에게,[우월 코드 공격 대미지 7.46% ▲] [지속],,
길로틴 : 윈터 슬레이어(2024년 크리스마스),화력형,III,엘리시온,수냉,AR(소총),버스트,액티브(40초),익스터미네이션,수냉 코드 아군 전체에게,[공격력 대미지 10.14% ▲] [10초 유지][우월 코드 공격 대미지 18.75% ▲] [10초 유지],,
길로틴 : 윈터 슬레이어(2024년 크리스마스),화력형,III,엘리시온,수냉,AR(소총),버스트,액티브(40초),익스터미네이션,최대 체력이 가장 높은 적 1기에게,[최종 공격력 20.87% X 용사 레벨 수 지속 대미지] [1초 간격] [10초 유지],,
마스트 : 로망틱 메이드,지원형,,엘리시온,수냉,MG(머신건),스킬1,패시브,,,,,
마스트 : 로망틱 메이드,지원형,,엘리시온,수냉,MG(머신건),스킬2,패시브,,,,,
마스트 : 로망틱 메이드,지원형,,엘리시온,수냉,MG(머신건),버스트,액티브(20초),,,,,
앵커 : 이노센트 메이드,지원형,,엘리시온,수냉,RL(런처),스킬1,패시브,,,,,
앵커 : 이노센트 메이드,지원형,,엘리시온,수냉,RL(런처),스킬2,패시브,,,,,
앵커 : 이노센트 메이드,지원형,,엘리시온,수냉,RL(런처),버스트,액티브(20초),,,,,
맥스웰,화력형,III,미실리스,철갑,SR(저격소총),스킬1,패시브,스트레이트 샷,풀 버스트 타임 시작 시 공격력이 가장 높은 아군 2기에게,[차지속도 4.48% ▲] [10초 유지][공격력 43.1% ▲] [10초 유지],,
맥스웰,화력형,III,미실리스,철갑,SR(저격소총),스킬2,패시브,일렉트릭 샷,니케를 제외한 적이 5기 이상일 때 한하여 자신에게,[크리티컬 확률 4.83% ▲] [지속][크리티컬 대미지 13.91% ▲] [지속],,
맥스웰,화력형,III,미실리스,철갑,SR(저격소총),버스트,액티브(40초),피어스 샷,자신에게,[사용 무기 변경]:차지 시간: 2초대미지 : 공격력 813.42%풀차지 대미지 : 300% 대미지최대 장탄수 : 1발추가 효과: 관통 특화,,
유니,방어형,II,미실리스,작열,RL(런처),스킬1,패시브,DMNS,풀 버스트 타임 시작 시 아군 전체에게,[차지속도 8.97% ▲] [10초 유지],,
유니,방어형,II,미실리스,작열,RL(런처),스킬2,패시브,SDS,풀차지 공격 시 아군 전체에게,[방어력 2.77% ▲] [10초 유지][공격 대미지 비례 2.77% 회복] [10초 유지][최대 장탄수 1발 ▲] [5초 유지],,
유니,방어형,II,미실리스,작열,RL(런처),버스트,액티브(20초),BDG,공격 범위 내 적들에게,[공격력 348.73% 대미지][이동불가] [5초 유지],,
리타,지원형,I,미실리스,철갑,SMG(기관단총),스킬1,패시브,리타 부스트,풀 버스트 타임 시작 시 아군 전체에게,[시작횟수 별 효과] [하위 효과 중복 적용]:1회: [버스트 스킬 재사용 시간 2.34초 ▼2회: [버스트 스킬 재사용 시간 2.7초 ▼3회: [버스트 스킬 재사용 시간 3.17초 ▼,,
리타,지원형,I,미실리스,철갑,SMG(기관단총),스킬1,패시브,리타 부스트,버스트 스킬 사용 시 아군 전체에게,[사용 횟수 별 효과] [하위 효과 중복 적용]:1회: [최대 장탄수 45.17% ▲] [5초 유지]2회: [크리티컬 대미지 12.46% ▲] [5초 유지]3회: [공격력 14.42% ▲] [5초 유지],,
리타,지원형,I,미실리스,철갑,SMG(기관단총),스킬2,액티브(15초),볼트 부스트,엄폐물 체력이 가장 낮은 아군 2기에게,[엄폐물 체력 회복 52.5%],,
리타,지원형,I,미실리스,철갑,SMG(기관단총),버스트,액티브(20초),더블 부스트,아군 전체에게,[공격력 66% ▲] [5초 유지],,
율리아,화력형,III,미실리스,철갑,AR(소총),스킬1,액티브(20초),데크레센도,자신에게,[크리티컬 확률 26.04% ▲] [10초 유지],,
율리아,화력형,III,미실리스,철갑,AR(소총),스킬2,패시브,크레센도,마지막 탄환 명중 시 자신에게,[크레센도: 크리티컬 대미지 24.79% ▲] [5중첩] [15초 유지],,
율리아,화력형,III,미실리스,철갑,AR(소총),버스트,액티브(40초),클라이맥스,방어력이 가장 높은 적기에게,[공격력 544.5% 대미지],,
율리아,화력형,III,미실리스,철갑,AR(소총),버스트,액티브(40초),클라이맥스,자신이 크레센도 최대 중첩 상태라면 동일 적 대상에게,[공격력 544.5% 추가 대미지],,
센티,방어형,II,미실리스,철갑,RL(런처),스킬1,패시브,보수공사,풀차지 공격 명중 시 자신에게,[스킬 2 재사용 시간 9.16%▼],,
센티,방어형,II,미실리스,철갑,RL(런처),스킬2,액티브(9초),현장검토,자신에게,[시전자 최대 체력 비례 6.38% 아군 공용 보호막] [5초 유지],,
센티,방어형,II,미실리스,철갑,RL(런처),버스트,액티브(20초),착공시작,체력이 가장 낮은 적기에게,[공격력 145.46% 대미지][방어력 14.54%▼] [10초 유지],,
드레이크,화력형,III,미실리스,작열,SG(샷건),스킬1,패시브,오버차지[애장품 1단계],풀 버스트 타임 시작 시 아군 전체에게,[명중률 11.85% ▲] [10초 유지][공격력 11.85% ▲] [10초 유지],풀 버스트 타임 시작 시 아군 전체에게■ 풀 버스트 타임 시작 시 샷건 소지 아군 전체에게,[명중률 20.09% ▲] [10초 유지][공격력 11.85% ▲] [10초 유지][공격력 63.88% ▲] [10초 유지][최대 장탄 수 50.14% ▲] [10초 유지]
드레이크,화력형,III,미실리스,작열,SG(샷건),스킬2,패시브,썬더볼트[애장품 2단계],10회 공격 시 체력이 가장 낮은 적 3기에게,[공격력 98.55% 대미지],10회 공격 시 체력이 가장 낮은 적 3기에게■ 5회 공격 시 남은 체력 수치가 가장 낮은 적 1기에게,[공격력 98.55% 대미지][최종 공격력 201.6% 대미지]
드레이크,화력형,III,미실리스,작열,SG(샷건),버스트,액티브(40초),드레이크 스페셜[애장품 3단계],공격 범위 내 적들에게,[공격력 1254% 대미지],공격 범위 내 적들에게,[공격력 3009.6% 대미지]
드레이크,화력형,III,미실리스,작열,SG(샷건),버스트,액티브(40초),드레이크 스페셜[애장품 3단계],자신에게,[최대 장탄수 72.18% ▲] [10초 유지],자신에게,[최대 장탄수 72.18% ▲] [10초 유지][공격 대미지 31.68% ▲] [10초 유지]
크로우,방어형,III,미실리스,작열,MG(머신건),스킬1,패시브,킬링타임,풀 버스트 타임 시작 시 적 전체에게,[공격력 19.93%▼][10초 유지],,
크로우,방어형,III,미실리스,작열,MG(머신건),스킬2,패시브,데어데블,마지막 탄환 명중 시 대상에게,[공격력 89.09% 추가 대미지],,
크로우,방어형,III,미실리스,작열,MG(머신건),스킬2,패시브,데어데블,마지막 탄환 명중 시 자신에게,[방어력 12.72% ▲] [5초 유지],,
크로우,방어형,III,미실리스,작열,MG(머신건),버스트,액티브(40초),더 테러리스트,공격력이 가장 높은 적 1기에게,[공격력 915.75% 대미지],,
페퍼,지원형,I,미실리스,풍압,SG(샷건),스킬1,패시브,리프레쉬 하트,마지막 탄환 명중 시 체력이 가장 낮은 아군 1기에게,[시전자 최대 체력 비례 4.45% 회복],,
페퍼,지원형,I,미실리스,풍압,SG(샷건),스킬1,패시브,리프레쉬 하트,마지막 탄환 명중 시 아군 전체에게,[리프레쉬 하트: 받는 체력 회복량 6.53% ▲] [5중첩] [15초 유지],,
페퍼,지원형,I,미실리스,풍압,SG(샷건),스킬2,액티브(10초),비타민파워,공격력이 가장 높은 적기에게,[공격력 160% 대미지][공격력 3.55%▼] [5초 유지],,
페퍼,지원형,I,미실리스,풍압,SG(샷건),버스트,액티브(20초),페퍼 테라피,공격력이 가장 높은 적 1기에게,[공격력 1237.5% 대미지],,
페퍼,지원형,I,미실리스,풍압,SG(샷건),버스트,액티브(20초),페퍼 테라피,아군 전체에게,[중첩 가능 이로운 효과 중첩량 1개 ▲],,
페퍼,지원형,I,미실리스,풍압,SG(샷건),버스트,액티브(20초),페퍼 테라피,자신이 리프레쉬 하트 최대 중첩 상태라면 아군 전체에게,[시전자 최대 체력 비례 27.22% 회복],,
애드미,지원형,II,미실리스,풍압,SR(저격소총),스킬1,패시브,응원의 손길,20회 피격 시 아군 전체에게,[차지 대미지 9.59% ▲] [20초 유지],,
애드미,지원형,II,미실리스,풍압,SR(저격소총),스킬2,액티브(20초),고양이 숨결,공격력이 가장 높은 아군 2기에게,[받는 대미지 28.65%▼] [10초 유지],,
애드미,지원형,II,미실리스,풍압,SR(저격소총),버스트,액티브(20초),애정의 보은,아군 전체에게,[재장전 속도 50.91% ▲][10초 유지][크리티컬 대미지 28.34% ▲][10초 유지],,
자칼,방어형,I,미실리스,철갑,RL(런처),스킬1,패시브,해피 자칼,110회 피격 시 최대 체력이 가장 높은 적기에게,[받는 대미지 9.09% ▲] [10초 유지][공격력 9.09%▼] [10초 유지],,
자칼,방어형,I,미실리스,철갑,RL(런처),스킬2,패시브,치얼업 자칼,전투 시작 시 자신과 자신을 제외한 공격력이 가장 높은 아군 2기에게,[받는 대미지 분배] [120초 유지][방어력 8.27% ▲] [120초 유지],,
자칼,방어형,I,미실리스,철갑,RL(런처),버스트,액티브(20초),크레이지 자칼,아군 전체에게,[대상 설명이 '~적 1기에게'로 끝나는 버스트 스킬 공격 대미지 38.91% ▲][15초 유지] (추가 대미지 제외)[방어력 14.69% ▲] [10초 유지],,
라플라스,화력형,III,미실리스,철갑,RL(런처),스킬1,패시브,히어로 비전[애장품 3단계],풀차지 공격 시 자신에게,[히어로 비전 : 폭발 범위 3.57% ▲] [5중첩] [5초 유지],풀차지 공격 시 자신에게,[히어로 비전 : 폭발 범위 3.57% ▲] [5중첩] [15초 유지]
라플라스,화력형,III,미실리스,철갑,RL(런처),스킬2,패시브,히어로 봄버[애장품 1단계],마지막 탄환 명중 시 대상에게,[공격력 81.66% 추가 대미지],풀 차지 공격 명중 시 대상에게,[최종 공격력 132.45% 추가 대미지]
라플라스,화력형,III,미실리스,철갑,RL(런처),스킬2,패시브,히어로 봄버[애장품 1단계],대상 파츠 명중 시 대상 본체에게,[공격력 14.78% 추가 대미지],대상 파츠 명중 시 대상 본체에게,[공격력 14.78% 추가 대미지]
라플라스,화력형,III,미실리스,철갑,RL(런처),버스트,액티브(40초),라플라스 버스터[애장품 2단계],자신에게,[사용 무기 변경]:최초 대미지 : 최종 공격력 897.6% 대미지지속 대미지 : 최종 공격력 14.52% 대미지유지 시간: 5초추가 효과 : 관통 특화특이사항: 버스트 스킬 시전 중 엄폐 불가,자신에게,[사용 무기 변경]:최초 대미지 : 최종 공격력 1455.72% 대미지지속 대미지 : 최종 공격력 22.2% 대미지유지 시간: 10초추가 효과1 : 관통 특화추가 효과2 : 자신이 히어로 비전 최대 중첩 상태라면 일반 대미지를 방어력 무시 대미지로 적용특이사항: 버스트 스킬 시전 중 엄폐 불가
라플라스,화력형,III,미실리스,철갑,RL(런처),버스트,액티브(40초),라플라스 버스터[애장품 2단계],자신이 히어로 비전 최대 중첩 상태라면 동일 적 대상에게,[최종 공격력 11.9% 방어력 무시 대미지],자신이 히어로 비전 최대 중첩 상태라면 동일 적 대상에게,[최종 공격력 11.9% 방어력 무시 대미지]
길티(갱생),화력형,II,미실리스,풍압,SG(샷건),스킬1,패시브,빌려 갈게에....,일반 공격 6회 시 자신에게,[빌려 갈게에.... : 공격력이 가장 높은 아군 1기의 공격력 복제 8.81%] [5중첩] [10초 유지],,
길티(갱생),화력형,II,미실리스,풍압,SG(샷건),스킬2,패시브,같이 놀자아.......,일반 공격 12회 시 풍압 코드 아군 전체에게,[중첩 가능 이로운 효과 중첩량 1개 ▲][공격력 4.13% ▲] [10초 유지],,
길티(갱생),화력형,II,미실리스,풍압,SG(샷건),버스트,액티브(20초),잡았다아...,방어력이 가장 높은 적기에게,[공격력 284.32% 대미지],,
길티(갱생),화력형,II,미실리스,풍압,SG(샷건),버스트,액티브(20초),잡았다아...,자신이 빌려 갈게에.... 최대 중첩 상태라면 동일 적 대상에게,[방어력 20.25%▼] [5초 유지][공격력 277.71% 추가 대미지],,
신(갱생),방어형,II,미실리스,전격,AR(소총),스킬1,패시브,센텐스 엔딩스,마지막 탄환 공격 시 자신에게,[최대 체력이 가장 높은 아군 1기의 최대 체력 복제 15.03%] [5초 유지][주목 적 전체를 도발] [5초 유지],,
신(갱생),방어형,II,미실리스,전격,AR(소총),스킬2,패시브,허리 온,풀 버스트 타임 종료 시 자신에게,[버스트 게이지 충전 속도 16.17% ▲] [5초 유지],,
신(갱생),방어형,II,미실리스,전격,AR(소총),스킬2,패시브,허리 온,버스트 스킬 사용 시 자신에게,[사용 횟수 별 효과] [하위 효과 중복 적용]:1회: [공격 대미지 비례 15.3% 회복] [5초 유지]2회: [받는 체력 회복량 51% ▲] [5초 유지]3회: [방어력 43.2% ▲] [5초 유지],,
신(갱생),방어형,II,미실리스,전격,AR(소총),버스트,액티브(20초),워드 오브 킬,니케를 제외한 적이 4기 이상이라면 모든 적에게,[받는 대미지 12.23% ▲][5초 유지],,
신(갱생),방어형,II,미실리스,전격,AR(소총),버스트,액티브(20초),워드 오브 킬,공격 범위 내 적들에게,[공격력 176.32% 대미지],,
퀀시(갱생),지원형,II,미실리스,전격,SMG(기관단총),스킬1,패시브,새로운 루트,일반 공격 60회 공격시 자신에게,[최대 체력이 가장 높은 니케의 최대 체력 복제 12.42%] [10초 유지],,
퀀시(갱생),지원형,II,미실리스,전격,SMG(기관단총),스킬2,액티브(8초),은밀한 공범자,공격력이 가장 높은 아군 2기에게,[공격력 16.11% ▲] [5초 유지],,
퀀시(갱생),지원형,II,미실리스,전격,SMG(기관단총),버스트,액티브(20초),위대한 탈출,공격력이 가장 높은 아군 2기에게,[최대 체력 43.87% ▲] [5초 유지][크리티컬 대미지 29.9% ▲] [10초 유지],,
앤 : 미라클 페어리(2022년 크리스마스),지원형,II,미실리스,풍압,RL(런처),스킬1,패시브,춤추는 요정,일반 공격 3회 공격 시 지원형 아군 전체에게,[공격 대미지 비례 6.07% 회복] [5초 유지],,
앤 : 미라클 페어리(2022년 크리스마스),지원형,II,미실리스,풍압,RL(런처),스킬2,패시브,요정의 장난,자신의 체력이 90% 이상일 때 한하여 아군 전체에게,[받는 체력 회복량 23.46% ▲] [지속],,
앤 : 미라클 페어리(2022년 크리스마스),지원형,II,미실리스,풍압,RL(런처),스킬2,패시브,요정의 장난,마지막 탄환 명중 시 자신의 체력이 90% 이상이라면 적 전체에게,[받는 체력 회복량 78.93%▼][10초 유지],,
앤 : 미라클 페어리(2022년 크리스마스),지원형,II,미실리스,풍압,RL(런처),버스트,액티브(60초),파란 나비의 꿈,화력형 아군 전체에게,[시전자 최대 체력 비례 38.61% 회복][공격력 77.22% ▲] [10초 유지],,
앤 : 미라클 페어리(2022년 크리스마스),지원형,II,미실리스,풍압,RL(런처),버스트,액티브(60초),파란 나비의 꿈,전투불능 상태 화력형 아군 무작위기에게,[체력 99%로 부활] [전투 중 1회 발동],,
에피넬,화력형,III,미실리스,풍압,SMG(기관단총),스킬1,패시브,슈퍼 루키,적 처치 시 자신에게,[슈퍼 루키 : 공격력 13.86% ▲] [5중첩] [15초 유지],,
에피넬,화력형,III,미실리스,풍압,SMG(기관단총),스킬2,패시브,스파이더,마지막 탄환 명중 시 자신에게,[크리티컬 확률 5.05% ▲][5초 유지][크리티컬 대미지 6.4% ▲] [5초 유지],,
에피넬,화력형,III,미실리스,풍압,SMG(기관단총),버스트,액티브(40초),SAFE 50-50,적 전체에게,[공격력 457.87% 대미지],,
에피넬,화력형,III,미실리스,풍압,SMG(기관단총),버스트,액티브(40초),SAFE 50-50,자신이 슈퍼 루키 최대 중첩 상태라면 동일 적 대상에게,[공격력 457.87% 추가 대미지],,
나가,지원형,II,미실리스,전격,SG(샷건),스킬1,패시브,우정의 가드,일반 공격 12회 공격 시 아군 전체에게,[엄폐물 체력 회복 14.57%],,
나가,지원형,II,미실리스,전격,SG(샷건),스킬1,패시브,우정의 가드,보호막 적용 시 아군 전체에게,[코어 대미지 85.17% ▲] [10초 유지],,
나가,지원형,II,미실리스,전격,SG(샷건),스킬2,패시브,우정의 서포트,일반 공격 5회 공격 시 공격력 가장 높은 아군 2기에게,[코어 대미지 40.07% ▲] [5초 유지],,
나가,지원형,II,미실리스,전격,SG(샷건),스킬2,패시브,우정의 서포트,일반 공격 5회 공격 시 남은 체력 비율이 가장 낮은 아군 2기에게,[시전자의 최종 최대 체력 비례 9.58% 회복],,
나가,지원형,II,미실리스,전격,SG(샷건),버스트,액티브(20초),친구들과 함께라면!,자신에게,[관통 특화] [10초 유지],,
나가,지원형,II,미실리스,전격,SG(샷건),버스트,액티브(20초),친구들과 함께라면!,아군 전체에게,[시전자 기준 공격력 16.18% ▲] [10초 유지],,
나가,지원형,II,미실리스,전격,SG(샷건),버스트,액티브(20초),친구들과 함께라면!,자신이 보호막 적용 상태라면 추가로 아군 전체에게,[시전자 기준 공격력 31.02% ▲] [10초 유지],,
티아,방어형,I,미실리스,철갑,RL(런처),스킬1,패시브,파충류 애호가,엄폐물 체력 회복 시 자신에게,[버스트 스킬 재사용 시간 13초 ▼] [2중첩] [12초 유지],,
티아,방어형,I,미실리스,철갑,RL(런처),스킬1,패시브,파충류 애호가,엄폐물 체력 회복 시 아군 전체에게,[공격 대미지 32.11% ▲] [10초 유지],,
티아,방어형,I,미실리스,철갑,RL(런처),스킬2,패시브,카멜레온 은신술,일반 공격 5회 명중 시 자신에게,[시전자의 최대 체력 비례 엄폐물 최대 체력 32.75% ▲] [5초 유지][주목 : 적 전체 도발] [5초 유지],,
티아,방어형,I,미실리스,철갑,RL(런처),스킬2,패시브,카멜레온 은신술,버스트 스킬 사용 시 자신에게,[시전자의 최종 최대 체력 비례 엄폐물 체력 회복 21.41%][공격 대미지 비례 21.96% 회복] [10초 유지],,
티아,방어형,I,미실리스,철갑,RL(런처),버스트,액티브(40초)(1버 유지),도마뱀의 보호,자신에게,[시전자의 최종 최대 체력 비례 35.07% 보호막] [10초 유지],,
티아,방어형,I,미실리스,철갑,RL(런처),버스트,액티브(40초)(1버 유지),도마뱀의 보호,자신을 제외한 아군 전체에게,[시전자의 최종 최대 체력 비례 10.21% 보호막] [10초 유지],,
티아,방어형,I,미실리스,철갑,RL(런처),버스트,액티브(40초)(1버 유지),도마뱀의 보호,아군 전체에게,[버스트 재진입 1단계],,
토브,지원형,I,미실리스,수냉,AR(소총),스킬1,패시브,급조 탄환,공격 시 5% 확률로 자신에게,[급조 탄환 : 탄환 충전 5.31%],,
토브,지원형,I,미실리스,수냉,AR(소총),스킬1,패시브,급조 탄환,'급조 탄환'이 적용될 때 아군 전체에게,[임시 개조 : 최대 장탄 수 2발 ▲] [3중첩] [5초 유지][크리티컬 대미지 5.24% ▲] [5초 유지],,
토브,지원형,I,미실리스,수냉,AR(소총),스킬2,패시브,개조 성공,자신이 '임시 개조'가 최대 중첩 상태일 때 한하여 아군 전체에게,[크리티컬 확률 3.32% ▲] [지속],,
토브,지원형,I,미실리스,수냉,AR(소총),스킬2,패시브,개조 성공,자신이 '임시 개조'가 최대 중첩 상태일 때 한하여 샷건 소지 아군 전체에게,[공격 속도 42.24% ▲] [지속],,
토브,지원형,I,미실리스,수냉,AR(소총),버스트,액티브(20초),급조품의 기적,아군 전체에게,[급조품의 기적: 시전자 기준 공격력 2.32% ▲] [임시 개조 중첩 복사] [10초 유지],,
토브,지원형,I,미실리스,수냉,AR(소총),버스트,액티브(20초),급조품의 기적,샷건 소지 아군 전체에게,[급조품의 기적: 시전자 기준 공격력 24.21% ▲] [임시 개조 중첩 복사] [10초 유지],,
일레그,지원형,II,미실리스,전격,MG(머신건),스킬1,패시브,쇼트,전투 시작 시 아군 전체에게,[적 발사체 공격 시 해당 발사체에 가하는 대미지 59.66%] [지속],,
일레그,지원형,II,미실리스,전격,MG(머신건),스킬1,패시브,쇼트,일반 공격 100회 명중 시 대상이 붐 인스톨 상태라면 대상과 주변의 적 2기에게,[최종 공격력 91.03% 분배 대미지],,
일레그,지원형,II,미실리스,전격,MG(머신건),스킬2,패시브,패스트 차지,일반 공격 60회 명중 시 대상이 붐 인스톨 상태라면 아군 전체에게,[시전자 기준 공격력 13.09% ▲] [5초 유지],,
일레그,지원형,II,미실리스,전격,MG(머신건),스킬2,패시브,패스트 차지,타겟 출현 시 아군 전체에게,[버스트 게이지 충전 100% ▲] [전투 중 1회 발동],,
일레그,지원형,II,미실리스,전격,MG(머신건),버스트,액티브(20초),붐 인스톨,아군 전체에게,[분배 대미지 39.74% ▲] [10초 유지],,
일레그,지원형,II,미실리스,전격,MG(머신건),버스트,액티브(20초),붐 인스톨,조준선에 가장 가까운 적 1기에게,[최종 공격력 79.2% 대미지][붐 인스톨 : 방어력 35.64% ▼] [10초 유지],,
킬로(1.5주년),방어형,III,미실리스,작열,MG(머신건),스킬1,패시브,나노 코팅,전투 시작 시 자신에게,[나노 코팅 : 시전자의 최종 최대 체력 비례 21.12% 보호막] [지속],,
킬로(1.5주년),방어형,III,미실리스,작열,MG(머신건),스킬1,패시브,나노 코팅,버스트 스킬 사용 시 자신이 나노 코팅 상태가 아니라면 자신에게,[나노 코팅 : 시전자의 최종 최대 체력 비례 21.12% 보호막] [지속],,
킬로(1.5주년),방어형,III,미실리스,작열,MG(머신건),스킬2,패시브,자가 수복,일반 공격 200회 공격 시 자신이 나노 코팅 상태라면 자신에게,[시전자의 최종 최대 체력 비례 보호막 체력 회복 2.85%],,
킬로(1.5주년),방어형,III,미실리스,작열,MG(머신건),스킬2,패시브,자가 수복,버스트 스킬 사용 시 자신이 나노 코팅 상태가 아니라면 자신에게,[사용 횟수 별 효과] [하위 효과 중복 적용]1회 : [다음 보호막 체력 17.75% ▲] [지속]2회 : [다음 보호막 체력 26.66% ▲] [지속]3회 : [다음 보호막 체력 35.53% ▲] [지속],,
킬로(1.5주년),방어형,III,미실리스,작열,MG(머신건),버스트,액티브(40초),우선 순위 지정,자신이 나노 코팅 상태라면 적 전체에게,[최종 최대 체력의 5%를 공격력으로 환산한 1150.84% 대미지],,
킬로(1.5주년),방어형,III,미실리스,작열,MG(머신건),버스트,액티브(40초),우선 순위 지정,자신이 나노 코팅 상태가 아니라면 자신에게,[최대 체력 48% ▲] [20초 유지],,
트로니,화력형,III,미실리스,작열,SR(저격소총),스킬1,패시브,T.Rony 봄버,풀 차지 공격 명중 시 T.Rony 봄버 상태의 적이 없다면 조준선에 가장 가까운 적 1기에게,[누적 폭발 스킬] [5초 유지]기능 : 시전자가 가하는 받는 대미지 일부를 누적.최대 누적량 도달 시 적에게 대미지를 준 후 해제효과 1 : [최대 대미지 누적량은 시전자 최종 공격력의 1536%]효과 2 : [자신의 공격 대미지의 50% 만큼 누적]효과 3 : [누적 폭발 스킬 폭파 시 공격 범위 내 적들에게 분배 대미지],,
트로니,화력형,III,미실리스,작열,SR(저격소총),스킬2,패시브,효율 증가,풀 차지 공격 5회 공격 시 자신에게,[분배 대미지 51.84% ▲] [10초 유지],,
트로니,화력형,III,미실리스,작열,SR(저격소총),스킬2,패시브,효율 증가,풀 차지 공격 5회 명중 시 대상에게,[방어력 9.59% ▼] [10초 유지],,
트로니,화력형,III,미실리스,작열,SR(저격소총),버스트,액티브(40초),메가 T.Rony,자신에게,[공격력 101.37% ▲] [10초 유지][누적 폭발 스킬의 대미지 누적 비율 62.83% ▲] [10초 유지],,
아인,화력형,III,미실리스,전격,SR(저격소총),스킬1,패시브,페더 스탠바이,전투 시작 시 자신에게,[니어 페더 4기 소환],,
아인,화력형,III,미실리스,전격,SR(저격소총),스킬1,패시브,페더 스탠바이,버스트 3단계 진입 시 자신에게,[공격력 70.12% ▲] [10초 유지],,
아인,화력형,III,미실리스,전격,SR(저격소총),스킬2,패시브,페더 샷,니어 페더가 소환된 상태라면 무작위 적 1기에게,[니어 페더 공격 : 최종 공격력 90.81% 방어력 무시 대미지],,
아인,화력형,III,미실리스,전격,SR(저격소총),스킬2,패시브,페더 샷,풀 차지 공격 시 자신에게,[차지 대미지 80% ▲] [1발 유지],,
아인,화력형,III,미실리스,전격,SR(저격소총),버스트,액티브(40초),페더 올레인지,자신에게,[니어 페더 6기 소환][방어력 무시 대미지 55.3% ▲] [10초 유지][차지 대미지 140.68% ▲] [10초 유지],,
아인,화력형,III,미실리스,전격,SR(저격소총),버스트,액티브(40초),페더 올레인지,방어력이 가장 높은 적 10기에게,[최종 공격력 300.02% 방어력 무시 대미지],,
퀀시 : 이스케이프 퀸,화력형,III,미실리스,수냉,SMG(기관단총),스킬1,패시브,루트 확정,자신이 루트 탐색 1단계 최대 중첩 상태일 때 한하여 자신에게,[분배 대미지 49.58% ▲] [지속],,
퀀시 : 이스케이프 퀸,화력형,III,미실리스,수냉,SMG(기관단총),스킬1,패시브,루트 확정,자신이 루트 탐색 2단계 최대 중첩 상태일 때 한하여 자신에게,[코어 대미지 25.25% ▲] [지속],,
퀀시 : 이스케이프 퀸,화력형,III,미실리스,수냉,SMG(기관단총),스킬1,패시브,루트 확정,자신이 루트 탐색 3단계 최대 중첩 상태일 때 한하여 자신에게,[크리티컬 확률 16.73% ▲] [지속],,
퀀시 : 이스케이프 퀸,화력형,III,미실리스,수냉,SMG(기관단총),스킬2,패시브,루트 탐색,일반 공격 2회 공격 시 자신에게,[단계별 효과] [하위 효과 중복 적용]1단계 : 자신에게[명중률 1.36% ▲] [10중첩] [2초 유지][공격력 2.45% ▲] [10중첩] [2초 유지]2단계 : 루트 탐색 1단계 최대 중첩 상태라면 자신에게[명중률 2.71% ▲] [10중첩] [1초 유지][공격력 4.9% ▲] [10중첩] [1초 유지]3단계 : 루트 탐색 2단계 최대 중첩 상태라면 자신에게[명중률 4.08% ▲] [10중첩] [0.5초 유지][공격력 7.36% ▲] [10중첩] [0.5초 유지],,
퀀시 : 이스케이프 퀸,화력형,III,미실리스,수냉,SMG(기관단총),버스트,액티브(40초),위대한 도둑,자신에게,[공격 대미지 57.08% ▲] [10초 유지][재장전 속도 25.87% ▲] [10초 유지],,
퀀시 : 이스케이프 퀸,화력형,III,미실리스,수냉,SMG(기관단총),버스트,액티브(40초),위대한 도둑,적 전체에게,[최종 공격력 1736.31% 분배 대미지],,
플로라,지원형,II,미실리스,전격,MG(머신건),스킬1,패시브,피튜니아,전투 시작 시 자신이 생존 상태일 때 한하여 자신과 자신의 양 옆에 있는 아군 2기에게,[시전자의 최종 최대 체력 비례 1% 회복] [1초 간격] [지속][받는 체력 회복량 4% ▲] [5중첩] [지속],,
플로라,지원형,II,미실리스,전격,MG(머신건),스킬1,패시브,피튜니아,일반 공격 100회 공격 시 전격 코드 아군 전체에게,[중첩 가능한 이로운 효과 중첩량 1개 ▲],,
플로라,지원형,II,미실리스,전격,MG(머신건),스킬2,패시브,아이리스,자신의 양 옆 아군 중 1기가 체력 90% 이하 도달 시 아군 전체에게,[시전자의 최종 최대 체력 비례 10.22% 보호막] [10초 유지],,
플로라,지원형,II,미실리스,전격,MG(머신건),스킬2,패시브,아이리스,자신의 양 옆 아군 중 1기가 최대 체력 도달 시 아군 전체에게,[방어력 무시 대미지 30.97% ▲] [5초 유지],,
플로라,지원형,II,미실리스,전격,MG(머신건),버스트,액티브(40초),시크릿 가든,아군 전체에게,[시전자의 최종 최대 체력 비례 10.45% 회복][방어력 무시 대미지 42.39% ▲] [10초 유지],,
마나,화력형,III,미실리스,풍압,AR(소총),스킬1,패시브,매터 감마,전투 시작 시 자신에게,[매터 감마 : 공격력 58.08% ▲] [지속] [전투 중 1회 발동],,
마나,화력형,III,미실리스,풍압,AR(소총),스킬1,패시브,매터 감마,일반 공격 10회 공격 시 자신이 매터 감마 상태라면 아군 전체에게,[시전자의 최종 최대 체력 비례 2.04% 회복],,
마나,화력형,III,미실리스,풍압,AR(소총),스킬1,패시브,매터 감마,아군 전투불능 시 자신이 매터 감마 상태라면 자신을 제외한 전투불능 상태 공격력이 가장 높은 아군 1기에게 ,[체력 96%로 부활],,
마나,화력형,III,미실리스,풍압,AR(소총),스킬1,패시브,매터 감마,아군 전투불능 시 자신에게,[매터 감마 해제],,
마나,화력형,III,미실리스,풍압,AR(소총),스킬2,패시브,매터 시그마,전투 시작 시 자신에게,[매터 시그마 : 버스트 게이지 충전 속도 70.4% ▲] [지속],,
마나,화력형,III,미실리스,풍압,AR(소총),스킬2,패시브,매터 시그마,풀 버스트 타임 시작 시 자신이 매터 시그마 상태라면 자신에게,[공격 대미지 21.12% ▲] [10초 유지][공격력 63.36% ▲] [10초 유지][매터 시그마 해제],,
마나,화력형,III,미실리스,풍압,AR(소총),스킬2,패시브,매터 시그마,풀 버스트 타임 시작 시 기본 차지 시간이 가장 긴 아군 1기에게,[차지 시간 0.18초 ▼] [10초 유지],,
마나,화력형,III,미실리스,풍압,AR(소총),스킬2,패시브,매터 시그마,풀 버스트 타임 종료 시 직전에 자신이 버스트 스킬을 사용했다면 자신에게,[매터 시그마 : 버스트 게이지 충전 속도 70.4% ▲] [지속],,
마나,화력형,III,미실리스,풍압,AR(소총),버스트,액티브(40초),페이탈 에러!,자신에게,[지속 대미지 52.8% ▲] [10초 유지],,
마나,화력형,III,미실리스,풍압,AR(소총),버스트,액티브(40초),페이탈 에러!,조준선에 가장 가까운 적 1기에게,[최종 공격력 396% 지속 대미지] [1초 간격] [10초 유지],,
슈가,화력형,III,테트라,철갑,SG(샷건),스킬1,패시브,블랙 타이푼,엄폐물 피격 시 20% 확률로 자신에게,[크리티컬 대미지 16.39% ▲] [10초 유지][재장전 속도 12.12% ▲] [10초 유지],,
슈가,화력형,III,테트라,철갑,SG(샷건),스킬2,패시브,느와르 센서,풀 버스트 타임 시작 시 자신에게,[크리티컬 확률 13.02% ▲][10초 유지],,
슈가,화력형,III,테트라,철갑,SG(샷건),스킬2,패시브,느와르 센서,풀 버스트 타임 시작 시 샷건 소지 아군 전체에게,[최대 장탄수 83.8% ▲] [10초 유지],,
슈가,화력형,III,테트라,철갑,SG(샷건),버스트,액티브(40초),트러블 슈터,자신에게,[공격 속도 66% ▲] [15초 유지][명중률 33% ▲] [15초 유지],,
엑시아,지원형,I,테트라,전격,SR(저격소총),스킬1,패시브,인베이젼[애장품 3단계],마지막 탄환 명중 시 자신이 해킹 코드 수집 상태라면 대상에게,[공격력 13.77%▼] [5초 유지][방어력 13.77%▼] [5초 유지],마지막 탄환 명중 시 자신이 해킹 코드 수집 상태라면 대상에게■ 풀 버스트 타입 진입 시 자신에게,[공격력 13.77%▼] [5초 유지][방어력 13.77%▼] [5초 유지][재장전 속도 95% 증가 상태로 고정] [10초 유지]
엑시아,지원형,I,테트라,전격,SR(저격소총),스킬2,패시브,시크릿 코드[애장품 1단계],마지막 탄환 명중 시 자신에게,[해킹 코드 수집 : 공격력 16.8% ▲] [5 중첩] [15초 유지],풀 차지 공격 명중 시 자신에게■ 마지막 탄환 명중 시 자신이 해킹 코드 수집 상태라면 전격 코드 아군 전체에게,[해킹 코드 수집 : 공격력 28% ▲] [5 중첩] [15초 유지][시전자 기준 공격력 5.8% ▲] [5중첩] [15초 유지]
엑시아,지원형,I,테트라,전격,SR(저격소총),버스트,액티브(20초),원사이드 프로토콜[애장품 2단계],방어력이 가장 높은 적 10기에게,[공격력 122.32% 대미지][방어력 2.71%▼] [5초 유지],방어력이 가장 높은 적 10기에게,[공격력 122.32% 대미지][방어력 2.71%▼] [5초 유지]
엑시아,지원형,I,테트라,전격,SR(저격소총),버스트,액티브(20초),원사이드 프로토콜[애장품 2단계],자신이 해킹 코드 수집 최대 중첩 상태라면 동일 적 대상에게,[공격력 122.32% 추가 대미지],자신이 해킹 코드 수집 최대 중첩 상태라면 동일 적 대상에게,[공격력 122.32% 추가 대미지][받는 대미지 18.04% ▲] [10초 유지]
앨리스,화력형,III,테트라,작열,SR(저격소총),스킬1,패시브,힘나는 당근,풀 버스트 타임 시작 시 공격력이 가장 높은 아군 2기에게,[시전자 기준 차지 속도 11.67% ▲] [10초 유지][차지 대미지 7% ▲] [10초 유지],,
앨리스,화력형,III,테트라,작열,SR(저격소총),스킬2,패시브,건강한 당근,자신의 체력이 80% 이상이라면 자신에게,[관통 특화] [지속],,
앨리스,화력형,III,테트라,작열,SR(저격소총),스킬2,패시브,건강한 당근,자신의 체력이 80% 미만이라면 자신에게,[공격 대미지 비례 8.12% 회복] [지속],,
앨리스,화력형,III,테트라,작열,SR(저격소총),버스트,액티브(40초),신기하고 이상한 나라,자신에게,[차지 속도 80.15% ▲][10초 유지][공격력 55.12% ▲][10초 유지],,
블랑,방어형,II,테트라,풍압,AR(소총),스킬1,패시브,럭키 가드,일반 공격 120회 공격 시,[시전자 최대 체력 비례 11.8% 아군 공용 보호막] [5초 유지],,
블랑,방어형,II,테트라,풍압,AR(소총),스킬2,패시브,래빗 트윈즈 W,풀 버스트 타임 종료 시 아군 전체에게,[시전자 최대 체력 비례 3.68% 지속 회복] [1초 간격] [5초 유지],,
블랑,방어형,II,테트라,풍압,AR(소총),스킬2,패시브,래빗 트윈즈 W,풀 버스트 타임 종료 시 동일 스쿼드 아군이 있다면 자신에게,[버스트 스킬 재사용 시간 40.76초 ▼],,
블랑,방어형,II,테트라,풍압,AR(소총),버스트,액티브(60초),쇼타임,아군 전체에게,[시전자 최대 체력 비례 3.84% 지속 회복] [1초 간격] [8초 유지],,
블랑,방어형,II,테트라,풍압,AR(소총),버스트,액티브(60초),쇼타임,자신을 제외한 체력이 가장 낮은 아군 1기에게,[불굴] [10초 유지][최대 체력 31.68% ▲] [10초 유지],,
블랑,방어형,II,테트라,풍압,AR(소총),버스트,액티브(60초),쇼타임,적 전체에게,[받는 대미지 39.26% ▲] [10초 유지],,
누아르,화력형,III,테트라,풍압,SG(샷건),스킬1,패시브,럭키챰,자신의 체력이 70% 이상이라면 아군 전체에게,[시전자 기준 공격력 14.08% ▲] [지속],,
누아르,화력형,III,테트라,풍압,SG(샷건),스킬2,패시브,래빗 트윈즈 B,풀 버스트 타임 시작 시 아군 전체에게,[최대 장탄 수 5발 ▲] [10초 유지][탄환 충전 39.88%],,
누아르,화력형,III,테트라,풍압,SG(샷건),버스트,액티브(40초),피날레,적 전체에게,[공격력 351.64 대미지],,
누아르,화력형,III,테트라,풍압,SG(샷건),버스트,액티브(40초),피날레,샷건 소지 아군 전체에게,[명중률 13.39% ▲] [10초 유지][저지 부위 공격 대미지 23.23% ▲] [10초 유지],,
누아르,화력형,III,테트라,풍압,SG(샷건),버스트,액티브(40초),피날레,동일 스쿼드 아군이 있다면 아군 전체에게,[명중률 11.61% ▲] [30초 유지][저지 부위 공격 대미지 19.36% ▲] [30초 유지],,
프림,지원형,I,테트라,철갑,SR(저격소총),스킬1,패시브,자고 싶다[애장품 1단계],일반 공격 4회 명중 시 대상에게,[방어력 15.84%▼] [10초 유지],풀 차지 공격 명중 시 대상에게■ 풀 차지 공격 6회 명중 시 대상이 잠 옴 최대 중첩 상태라면 자신에게,[잠 옴 : 방어력 4%▼] [5중첩] [10초 유지][일어남 : 일반 공격을 방어 무시 대미지로 적용] [10초 유지]
프림,지원형,I,테트라,철갑,SR(저격소총),스킬2,패시브,...아[애장품 3단계],풀차지 공격 시 아군 전체에게,[최대 체력 6.09% ▲] [4초 유지],풀차지 공격 시 아군 전체에게■ 풀 차지 공격 시 자신이 일어남 상태라면 아군 전체에게,[최대 체력 6.09% ▲] [4초 유지][방어 무시 대미지 28.16% ▲] [5초 유지]
프림,지원형,I,테트라,철갑,SR(저격소총),버스트,액티브(20초),귀찮아[애장품 2단계],방어력이 가장 높은 적 10기에게,[최종 공격력 101.66% 대미지][방어력 9.86%▼] [10초 유지],방어력이 가장 높은 적 10기에게,[최종 공격력 101.66% 대미지][방어력 9.86%▼] [10초 유지]
프림,지원형,I,테트라,철갑,SR(저격소총),버스트,액티브(20초),귀찮아[애장품 2단계],아군 전체에게,[최대 체력 30.26% ▲] [4초 유지],아군 전체에게■ 자신이 일어남 상태라면 아군 전체에게,[최대 체력 30.26% ▲] [4초 유지][방어 무시 대미지 49.97% ▲] [10초 유지]
메어리,지원형,I,테트라,수냉,SG(샷건),스킬1,패시브,CPR,마지막 탄환 명중 시 체력이 가장 낮은 아군 1기에게,[시전자 최대 체력 비례 8.4% 회복],,
메어리,지원형,I,테트라,수냉,SG(샷건),스킬2,패시브,너싱,풀 버스트 타임 시작 시 아군 전체에게,[받는 체력 회복량 23.78% ▲] [15초 유지],,
메어리,지원형,I,테트라,수냉,SG(샷건),버스트,액티브(40초),백의의 천사,아군 전체에게,[시전자 최대 체력 비례 39.6% 회복],,
메어리,지원형,I,테트라,수냉,SG(샷건),버스트,액티브(40초),백의의 천사,자신의 체력이 50% 이상이라면 아군 전체에게,[방어력 19.8% ▲] [10초 유지],,
밀크,화력형,I,테트라,수냉,SR(저격소총),스킬1,액티브(20초),승부욕[애장품 1단계],공격력이 가장 높은 아군 2기에게,[공격력 31.83% ▲] [10초 유지],20초 마다 공격력이 가장 높은 아군 3기에게■ 전투 시작 시 자신에게,[공격력 31.83% ▲] [10초 유지][버스트 스킬 재사용 시간 20초 ▼] [지속]
밀크,화력형,I,테트라,수냉,SR(저격소총),스킬2,패시브,밀크 도핑[애장품 2단계],자신의 체력이 80% 이상일 때 한하여 아군 전체에게,[크리티컬 대미지 11.13% ▲] [지속],자신의 체력이 80% 이상일 때 한하여 아군 전체에게■ 풀 차지 공격 10회 명중 시 아군 전체에게,[크리티컬 대미지 11.13% ▲] [지속][버스트 스킬 재사용 시간 2.83초 ▼]
밀크,화력형,I,테트라,수냉,SR(저격소총),버스트,액티브(40초),투 더 빅토리[애장품 3단계],방어력이 가장 높은 적기에게,[공격력 367.34% 대미지],방어력이 가장 높은 적기에게,[공격력 367.34% 대미지]
밀크,화력형,I,테트라,수냉,SR(저격소총),버스트,액티브(40초),투 더 빅토리[애장품 3단계],아군 전체에게,[공격 대미지 비례 16.16% 회복] [10초 유지],아군 전체에게,[공격 대미지 비례 16.16% 회복] [10초 유지][받는 체력 회복량 75.5% ▲] [10초 유지]
율하,화력형,III,테트라,작열,SR(저격소총),스킬1,패시브,바이팅 리더십,30회 피격 시 자신에게,[평정심 : 크리티컬 확률 24.53% ▲] [20초 유지],,
율하,화력형,III,테트라,작열,SR(저격소총),스킬2,액티브(30초),위크 메이커,체력이 가장 낮은 아군 5기에게,[공격력 90.75% ▲] [5초 유지][받는 대미지 분배] [10초 유지],,
율하,화력형,III,테트라,작열,SR(저격소총),버스트,액티브(40초),히스테릭 워커,적 전체에게,[최종 공격력 457.87% 대미지],,
율하,화력형,III,테트라,작열,SR(저격소총),버스트,액티브(40초),히스테릭 워커,자신이 평정심 상태라면 동일 적 대상에게,[최종 공격력 457.87% 추가 대미지],,
루드밀라,방어형,I,테트라,수냉,SMG(기관단총),스킬1,패시브,노블레스 오블리주,마지막 탄환 명중 시 대상에게,[방어력 8.4%▼] [10초 유지][공격력 8.4%▼] [10초 유지],,
루드밀라,방어형,I,테트라,수냉,SMG(기관단총),스킬2,패시브,여왕의 품격,풀 버스트 타임 시작 시 적 전체에게,[주목 적 전체 도발] [15.09초 유지],,
루드밀라,방어형,I,테트라,수냉,SMG(기관단총),스킬2,패시브,여왕의 품격,풀 버스트 타임 시작 시 자신에게,[받는 대미지 57.86%▼][15초 유지],,
루드밀라,방어형,I,테트라,수냉,SMG(기관단총),버스트,액티브(20초),눈의 여왕,공격력이 가장 높은 적 10기에게,[공격력 163.1% 대미지],,
루드밀라,방어형,I,테트라,수냉,SMG(기관단총),버스트,액티브(20초),눈의 여왕,자신의 체력이 50% 이상이라면 아군 전체에게,[방어력 12.93% ▲] [10초 유지],,
루피,화력형,II,테트라,철갑,AR(소총),스킬1,패시브,프라이즈,일반 공격 100회 명중 시 철갑 코드 아군 전체에게,[중첩 가능 이로운 효과 중첩량 1개 ▲][크리티컬 확률 2.24% ▲] [10초 유지],,
루피,화력형,II,테트라,철갑,AR(소총),스킬2,패시브,마일리지,30회 공격시 자신에게,[마일리지 : 공격력 13.8% ▲] [5 중첩] [15초 유지],,
루피,화력형,II,테트라,철갑,AR(소총),버스트,액티브(20초),싱글 페이먼트,공격 범위 내 적들에게,[공격력 274.28% 대미지],,
루피,화력형,II,테트라,철갑,AR(소총),버스트,액티브(20초),싱글 페이먼트,자신이 마일리지 최대 중첩 상태라면 아군 전체에게,[공격력 19.8% ▲] [5초 유지],,
얀,지원형,I,테트라,작열,RL(런처),스킬1,패시브,풍비박산,풀 버스트 타임 시작 시 아군 전체에게,[차지 대미지 21.55% ▲] [10초 유지],,
얀,지원형,I,테트라,작열,RL(런처),스킬2,패시브,다다익선,풀차지 공격 시 아군 전체에게,[공격력 2.77% ▲] [5초 유지][크리티컬 확률 1.33% ▲] [5초 유지],,
얀,지원형,I,테트라,작열,RL(런처),버스트,액티브(20초),일확천금,공격 범위 내 적들에게,[공격력 348.73% 대미지][공격 범위 중심으로 강제 이동] [2초 유지],,
도라,지원형,II,테트라,풍압,SR(저격소총),스킬1,액티브(10초),기업가 정신,아군 전체에게,[공격력 16.16% ▲] [5초 유지],,
도라,지원형,II,테트라,풍압,SR(저격소총),스킬2,패시브,리스크 공유,풀 버스트 타임 시작 시 아군 전체에게,[시작 횟수 별 효과] [하위 효과 중복 적용]:1회: [버스트 스킬 재사용 시간 1.82초 ▼]2회: [버스트 스킬 재사용 시간 2.2초 ▼3회: [버스트 스킬 재사용 시간 2.6초 ▼,,
도라,지원형,II,테트라,풍압,SR(저격소총),스킬2,패시브,리스크 공유,버스트 스킬 사용 시 아군 전체에게,[사용 횟수별 효과] [하위 효과 중복 적용]:1회: [공격력 7.72% ▲] [5초 유지]2회: [크리티컬 확률 4.21% ▲] [5초 유지]3회: [크리티컬 대미지 13.22% ▲] [5초 유지],,
도라,지원형,II,테트라,풍압,SR(저격소총),버스트,액티브(20초),R&D 샷,방어력이 가장 높은 적 1기에게,[공격력 734.69% 대미지],,
노벨,방어형,II,테트라,철갑,SMG(기관단총),스킬1,액티브(10초),수상한 것입니다!,방어력이 가장 높은 3기에게,[공격력 52.36% 대미지][방어력 7.05%▼][5초 유지],,
노벨,방어형,II,테트라,철갑,SMG(기관단총),스킬2,패시브,탐정 도구인 것입니다!,일반 공격 100회 명중 시 자신에게,[증거품 수집: 방어력 13.5% ▲] [5중첩] [15초 유지],,
노벨,방어형,II,테트라,철갑,SMG(기관단총),버스트,액티브(20초),사건 해결인 것입니다!,공격력이 가장 높은 적 1기에게,[공격력 330.61% 대미지],,
노벨,방어형,II,테트라,철갑,SMG(기관단총),버스트,액티브(20초),사건 해결인 것입니다!,자신이 증거품 수집 최대 중첩 상태라면 추가로 적기에게,[받는 대미지 67.5% ▲] [5초 유지],,
폴크방,방어형,II,테트라,수냉,AR(소총),스킬1,액티브(30초),스타팅 휘슬,공격력이 가장 높은 아군 2기에게,[시전자 최대 체력 비례 13.71% 보호막] [10초 유지][받는 체력 회복량 45.7% ▲] [10초 유지],,
폴크방,방어형,II,테트라,수냉,AR(소총),스킬2,액티브(20초),페이스 다운,공격력이 가장 높은 적기에게,[도발] [5초 유지],,
폴크방,방어형,II,테트라,수냉,AR(소총),스킬2,액티브(20초),페이스 다운,자신에게,[최대 체력 44.96% ▲] [10초 유지],,
폴크방,방어형,II,테트라,수냉,AR(소총),버스트,액티브(40초),스플린트,공격력이 가장 높은 아군 2기에게,[시전자 최대 체력 비례 32.9% 보호막] [10초 유지][공격 대미지 비례 65.81% 회복] [10초 유지],,
사쿠라,지원형,I,테트라,작열,SR(저격소총),스킬1,패시브,벚꽃차,일반 공격 3회 공격시 아군 전체에게,[벚꽃차: 방어력 8.15%] [10 중첩] [15초 유지],,
사쿠라,지원형,I,테트라,작열,SR(저격소총),스킬2,패시브,꽃잎 떨구기,아군 전체에게,[적 발사체 공격 시 해당 발사체에 가하는 대미지 7.74% ▲] [지속],,
사쿠라,지원형,I,테트라,작열,SR(저격소총),스킬2,패시브,꽃잎 떨구기,풀 버스트 타임 시작 시 아군 전체에게,[버스트 스킬 재사용시간 4.84초▼],,
사쿠라,지원형,I,테트라,작열,SR(저격소총),버스트,액티브(40초),앵화난만,아군 전체에게,[풍압 코드 적으로부터 받는 대미지 90.72%▼][30초 유지][전투 중 1회 발동][시전자 기준 공격력 23.76% ▲] [10초 유지],,
사쿠라,지원형,I,테트라,작열,SR(저격소총),버스트,액티브(40초),앵화난만,자신이 벚꽃차 최대 중첩 상태라면 아군 전체에게,[저지 부위 공격 대미지 23.54% ▲] [30초 유지],,
바이퍼,화력형,II,테트라,수냉,SG(샷건),스킬1,패시브,스네이크 센스[애장품 1단계],타겟이 출현했다면 아군 전체에게,[공격력 25.98% ▲] [10초 유지][명중률 11.13% ▲] [10초 유지],타겟이 출현했다면 아군 전체에게■ 애교 상태일 때 한하여 공격 시 자신에게,[공격력 25.98% ▲] [10초 유지][명중률 11.13% ▲] [10초 유지][지속 대미지 4.4% ▲] [10 중첩] [10초 유지] [명중률 1.84% ▲] [10 중첩] [10초 유지]
바이퍼,화력형,II,테트라,수냉,SG(샷건),스킬2,패시브,스네이크 스케일[애장품 3단계],자신에게,[명중률 3.43% ▲] [지속],자신에게,[명중률 21.96% ▲] [지속]
바이퍼,화력형,II,테트라,수냉,SG(샷건),스킬2,패시브,스네이크 스케일[애장품 3단계],풀 버스트 타임 시작 시 자신에게,[애교: 1인 공격 대상에서 제외. 직접 피격 시 해제] [10초 유지][무적] [1초 유지],풀 버스트 타임 시작 시 자신에게■ 버스트 스킬 사용 시 아군 전체에게,[애교: 1인 공격 대상에서 제외. 직접 피격 시 해제] [지속][무적] [1초 유지][버스트 재진입 2단계]
바이퍼,화력형,II,테트라,수냉,SG(샷건),버스트,액티브(20초),스네이크 바이트[애장품 2단계],지정한 적 대상 1기에게,[공격력 462.85% 대미지],지정한 적 대상 1기에게,[공격력 1029.6% 대미지]
바이퍼,화력형,II,테트라,수냉,SG(샷건),버스트,액티브(20초),스네이크 바이트[애장품 2단계],대상이 타겟이라면 동일 적 대상에게,[방어력 19.83%▼][10초 유지],대상이 타겟이라면 동일 적 대상에게,[방어력 19.83%▼][10초 유지][최종 공격력 105.3% 지속 대미지] [1초 간격] [10초 유지]
코코아,지원형,I,테트라,작열,SR(저격소총),스킬1,액티브(15초),프로 종이접기,아군 전체에게,[엄폐물 체력 회복 17.76%],,
코코아,지원형,I,테트라,작열,SR(저격소총),스킬1,액티브(15초),프로 종이접기,해로운 효과 소지 아군 중 무작위 아군 2기에게,[해로운 효과 해제 1개],,
코코아,지원형,I,테트라,작열,SR(저격소총),스킬2,패시브,프로 케첩,풀차지 공격 시 자신에게,[프로 케첩 : 받는 대미지 4.37%▼] [15중첩] [5초 유지],,
코코아,지원형,I,테트라,작열,SR(저격소총),버스트,액티브(20초),프로메이드장,아군 전체에게,[해로운 효과 해제 1개],,
코코아,지원형,I,테트라,작열,SR(저격소총),버스트,액티브(20초),프로메이드장,자신이 프로 케첩 최대 중첩 상태라면 적 전체에게,[공격력 13.59%▼] [10초 유지],,
소다,지원형,I,테트라,작열,MG(머신건),스킬1,패시브,자리 청소 메이드,일반 공격 180회 공격시 자기 자신에게,[메이드정신 : 최대 체력 13% ▲] [5중첩] [10초 유지],,
소다,지원형,I,테트라,작열,MG(머신건),스킬2,액티브(12초),바닥 청소 메이드,아군 전체에게,[시전자 최대 체력 비례 3.23% 회복],,
소다,지원형,I,테트라,작열,MG(머신건),스킬2,액티브(12초),바닥 청소 메이드,자신이 메이드 정신 최대 중첩 상태라면 아군 전체에게,[시전자 최대 체력 비례 12.71% 회복],,
소다,지원형,I,테트라,작열,MG(머신건),버스트,액티브(20초),대청소 메이드,무작위적 2기에게,[공격력 321.28% 대미지][기절] [1초 유지],,
소다,지원형,I,테트라,작열,MG(머신건),버스트,액티브(20초),대청소 메이드,작열 코드 아군 전체에게,[중첩 가능 이로운 효과 중첩량 1개 ▲],,
비스킷,지원형,II,테트라,전격,RL(런처),스킬1,패시브,해피퍼피,풀 버스트 타임 종료 시 화력형 아군 전체에게,[일반 공격 크리티컬 확률 5.77% 증가] [10초 유지][시전자 최대 체력 비례 1.53% 지속회복] [1초 간격] [10초 유지],,
비스킷,지원형,II,테트라,전격,RL(런처),스킬2,패시브,터그놀이,방어형 아군 누군가의 체력이 50% 이하라면 대상에게,[무적] [5초 유지] [전투 중 2회 발동][시전자 최대 체력 비례 23.26% 회복] [전투 중 2회 발동],,
비스킷,지원형,II,테트라,전격,RL(런처),버스트,액티브(40초),산책 훈련,엄폐물이 파괴된 아군 무작위 2기에게,[엄폐물 체력 93.6%로 엄폐물 부활],,
비스킷,지원형,II,테트라,전격,RL(런처),버스트,액티브(40초),산책 훈련,지원형 아군 전체에게,[공격력 43.08% ▲] [10초 유지][공격 대미지 비례 55.44% 회복] [10초 유지],,
라이(0.5주년),방어형,I,테트라,수냉,SMG(기관단총),스킬1,패시브,선배의 응원,일반 공격 60회 공격시 아군 전체에게,[버스트 게이지 충전 2.47%],,
라이(0.5주년),방어형,I,테트라,수냉,SMG(기관단총),스킬1,패시브,선배의 응원,디코이가 있다면 자신에게,[시전자의 최종 최대 체력 비례 디코이 회복 2.1%],,
라이(0.5주년),방어형,I,테트라,수냉,SMG(기관단총),스킬2,패시브,선배의 기합,전투 시작 시 자신에게,[디코이 : 시전자 최대 체력 비례 96% 분신] [240초 유지],,
라이(0.5주년),방어형,I,테트라,수냉,SMG(기관단총),버스트,액티브(20초),선배의 모범,자신에게,[주목 : 적 전체 도발] [5초 유지][받는 대미지 14.4% ▼] [10초 유지],,
라이(0.5주년),방어형,I,테트라,수냉,SMG(기관단총),버스트,액티브(20초),선배의 모범,디코이가 있다면 자신에게,[시전자의 최종 최대 체력 비례 디코이 지속 회복 2.27%] [1초 간격] [10초 유지],,
아리아,화력형,II,테트라,수냉,MG(머신건),스킬1,패시브,알레그로,풀 버스트 타임 시작 시 아군 전체에게,[크리티컬 대미지 26.99% ▲] [10초 유지],,
아리아,화력형,II,테트라,수냉,MG(머신건),스킬2,패시브,라크리모소,마지막 탄환 명중 시 아군 전체에게,[크리티컬 확률 7.03% ▲][5초 유지],,
아리아,화력형,II,테트라,수냉,MG(머신건),버스트,액티브(40초),아리아 디 캄포,아군 전체에게,[시전자 최대 체력 비례 37.86% 보호막] [10초 유지],,
아리아,화력형,II,테트라,수냉,MG(머신건),버스트,액티브(40초),아리아 디 캄포,자신에게,[명중률 30.37% ▲] [15초 유지],,
노이즈,지원형,I,테트라,전격,RL(런처),스킬1,패시브,코러스,20회 피격시 아군 전체에게,[받는 대미지 10.66%▼][20초 유지],,
노이즈,지원형,I,테트라,전격,RL(런처),스킬2,패시브,싱잉 투게더,풀차지 공격 시 대상에게,[도발] [2초 유지],,
노이즈,지원형,I,테트라,전격,RL(런처),스킬2,패시브,싱잉 투게더,자신에게,[최대 체력 24.86% ▲] [1.8초 유지],,
노이즈,지원형,I,테트라,전격,RL(런처),버스트,액티브(40초),에너제틱 노이즈,아군 전체에게,[시전자 최대 체력 비례 2.47% 지속 회복] [1초 간격] [10초 유지][최대 체력 49.5% ▲] [10초 유지],,
볼륨,화력형,I,테트라,풍압,SMG(기관단총),스킬1,패시브,프리스타일,적 처치 시 자신에게,[공격력 12.6% ▲] [5초 유지],,
볼륨,화력형,I,테트라,풍압,SMG(기관단총),스킬2,패시브,드랍 더 비트,풀 버스트 타임 시작 시 아군 전체에게,[시작 횟수 별 효과] [하위 효과 중복 적용]:1회: [버스트 스킬 재사용 시간 2.34초 ▼]2회: [버스트 스킬 재사용 시간 2.7초 ▼3회: [버스트 스킬 재사용 시간 3.17초 ▼,,
볼륨,화력형,I,테트라,풍압,SMG(기관단총),스킬2,패시브,드랍 더 비트,버스트 스킬 사용 시 아군 전체에게,[사용 횟수 별 효과] [하위 효과 중복 적용]:1회: [크리티컬 대미지 10.77% ▲] [5초 유지]2회: [크리티컬 대미지 12.46% ▲] [5초 유지]3회: [크리티컬 대미지 14.42% ▲] [5초 유지],,
볼륨,화력형,I,테트라,풍압,SMG(기관단총),버스트,액티브(20초),"볼륨업, 가이즈!",아군 전체에게,[크리티컬 확률 31.9% ▲] [5초 유지],,
루피 : 윈터 쇼퍼(2022년 크리스마스),방어형,I,테트라,전격,AR(소총),스킬1,패시브,윈터 프리미엄,마지막 탄환 명중 시아군 전체에게,[방어력 19.02% ▲] [5초 유지],,
루피 : 윈터 쇼퍼(2022년 크리스마스),방어형,I,테트라,전격,AR(소총),스킬2,패시브,VIP 기프트,아군이 버스트 스킬 사용 시 아군 전체에게,[쇼핑 : 방어력 1.33% ▲] [4 중첩] [20초 유지],,
루피 : 윈터 쇼퍼(2022년 크리스마스),방어형,I,테트라,전격,AR(소총),스킬2,패시브,VIP 기프트,풀 버스트 타임 종료 시 자신이 쇼핑 최대 중첩 상태라면 아군 전체에게,[버스트 게이지 충전 속도 7.9% ▲] [5초 유지],,
루피 : 윈터 쇼퍼(2022년 크리스마스),방어형,I,테트라,전격,AR(소총),버스트,액티브(20초)(1버 유지),쇼퍼홀릭 데이트,자신에게,[주목 : 적 전체 도발] [5초 유지][공격 대미지 비례 50.47% 회복] [10초 유지],,
루피 : 윈터 쇼퍼(2022년 크리스마스),방어형,I,테트라,전격,AR(소총),버스트,액티브(20초)(1버 유지),쇼퍼홀릭 데이트,아군 전체에게,[재장전 속도 63.17% ▲] [10초 유지][버스트 재진입 1단계],,
로산나,화력형,I,테트라,전격,MG(머신건),스킬1,패시브,온 더 렘,일반 공격 120회 명중 시 자신에게,[은신: 1인 공격 대상에서 제외 직접 피격 시 해제] [10초 유지][크리티컬 확률 19.34% ▲] [3초 유지],,
로산나,화력형,I,테트라,전격,MG(머신건),스킬1,패시브,온 더 렘,일반 공격 10회 명중 시 공격력이 가장 높은 적 2기에게,[이로운 효과 해제 5개] [전투 중 1회 발동],,
로산나,화력형,I,테트라,전격,MG(머신건),스킬2,패시브,카포 다 카피,전투 시작 시 자신에게,[은신: 1인 공격 대상에서 제외 직접 피격 시 해제] [5초 유지],,
로산나,화력형,I,테트라,전격,MG(머신건),스킬2,패시브,카포 다 카피,니케 누군가 전투불능 시 자신에게,[광기: 공격력 22.61% ▲] [10 중첩] [30초 유지][버스트 게이지 충전 36.54%],,
로산나,화력형,I,테트라,전격,MG(머신건),버스트,액티브(40초),벤데타,우선적으로 화력형 적 2기에게,[공격력 1310.4% 대미지],,
로산나,화력형,I,테트라,전격,MG(머신건),버스트,액티브(40초),벤데타,자신이 은신 상태라면 동일 적 대상에게,[공격력 561.6% 추가 대미지],,
메어리 : 베이 갓데스(2023년 여름 6월),지원형,I,테트라,수냉,SR(저격소총),스킬1,패시브,해변의 햇살,풀 버스트 타임 시작 시 아군 전체에게,「시작 횟수 별 효과」「하위 효과 중복 적용」1회 : 「시전자의 최종 최대 체력 비례 1.05% 회복」「1초 간격」「5초 유지」2회 : 「시전자의 최종 최대 체력 비례 3.69% 회복」「1초 간격」「5초 유지」3회 : 「시전자의 최종 최대 체력 비례 6.86% 회복」「1초 간격」「5초 유지」,,
메어리 : 베이 갓데스(2023년 여름 6월),지원형,I,테트라,수냉,SR(저격소총),스킬2,패시브,발을 적시는 파도,버스트 스킬 사용 시 수냉 코드 아군 전체에게,「시작 횟수 별 효과」「하위 효과 중복 적용」1회 : 「우월 코드 공격 대미지 20.85% ▲」「3초 유지」2회 : 「우월 코드 공격 대미지 13.88% ▲」「5초 유지」3회 : 「우월 코드 공격 대미지 8.36% ▲」「10초 유지」,,
메어리 : 베이 갓데스(2023년 여름 6월),지원형,I,테트라,수냉,SR(저격소총),버스트,액티브(20초),고요한 수면,수냉 코드 아군 전체에게,「공격력 23.23% ▲」「3초 유지」,,
메어리 : 베이 갓데스(2023년 여름 6월),지원형,I,테트라,수냉,SR(저격소총),버스트,액티브(20초),고요한 수면,아군 전체에게,「시전자의 최종 최대 체력 비례 최대 체력 27.87% ▲」「10초 유지」,,
네로,방어형,II,테트라,작열,SMG(기관단총),스킬1,패시브,고양이 보은,회복 효과 적용 시 대상에게,[받는 대미지 14/14% ▼] [5초 유지],,
네로,방어형,II,테트라,작열,SMG(기관단총),스킬1,패시브,고양이 보은,회복 효과 적용 시 자신에게,[고양이 보은: 받는 대미지 8.43% ▼] [5중첩] [5초 유지],,
네로,방어형,II,테트라,작열,SMG(기관단총),스킬2,패시브,고양이 손,피격 시 30% 확률로 대상에게,[받는 대미지 8.26% ▲] [5초 유지],,
네로,방어형,II,테트라,작열,SMG(기관단총),스킬2,패시브,고양이 손,자신이 큰 고양이 상태라면 피격 시 30% 확률로 대상에게,[최종 공격력 158.05% 대미지],,
네로,방어형,II,테트라,작열,SMG(기관단총),스킬2,패시브,고양이 손,전투 시작 시 자신에게,[최대 체력 60.28% ▲] [지속],,
네로,방어형,II,테트라,작열,SMG(기관단총),버스트,액티브(20초),크고 난폭한 고양이,체력이 가장 높은 적 1기에게,[최종 공격력 1104.91% 대미지],,
네로,방어형,II,테트라,작열,SMG(기관단총),버스트,액티브(20초),크고 난폭한 고양이,자신에게,[주목: 전 전체 도발] [15초 유지],,
네로,방어형,II,테트라,작열,SMG(기관단총),버스트,액티브(20초),크고 난폭한 고양이,자신이 고양이 보은 최대 중첩 상태라면 자신에게,[큰 고양이: 최대 체력 60.08% ▲] [15초 유지],,
아니스 : 스파클링 서머(2023년 여름 8월),지원형,III,테트라,전격,SG(샷건),스킬1,패시브,스파클링 부스트,풀 버스트 타임 시작 시 전격 코드 아군 전체에게,[시전자 기준 공격력 55.31% ▲] [10초 유지][재장전 속도 49.28% ▲] [10초 유지],,
아니스 : 스파클링 서머(2023년 여름 8월),지원형,III,테트라,전격,SG(샷건),스킬2,패시브,스파클링 미사일,마지막 탄환 발사 시 공격력이 가장 높은 적 2기에게,[최종 공격력 382.42% 대미지],,
아니스 : 스파클링 서머(2023년 여름 8월),지원형,III,테트라,전격,SG(샷건),스킬2,패시브,스파클링 미사일,마지막 탄환 발사 시 자신에게,[저지 부위 공격 대미지 6.91% ▲] [10초 유지],,
아니스 : 스파클링 서머(2023년 여름 8월),지원형,III,테트라,전격,SG(샷건),버스트,액티브(40초),스파클링 웨이브,자신에게,[최대 장탄 수 73.92% ▼] [10초 유지][재장전 속도 27.72% ▲] [10초 유지][우월 코드 공격 대미지 42.24% ▲] [10초 유지],,
루드밀라 : 윈터 오너(2023년 크리스마스),화력형,III,테트라,수냉,MG(머신건),스킬1,패시브,여왕의 시선,일반 공격 60회 명중 시 대상에게,[받는 대미지 12.56% ▲] [3초 유지][최종 공격력 158.43% 추가 대미지],,
루드밀라 : 윈터 오너(2023년 크리스마스),화력형,III,테트라,수냉,MG(머신건),스킬1,패시브,여왕의 시선,일반 공격 60회 명중 시 자신에게,[탄환 충전 20발],,
루드밀라 : 윈터 오너(2023년 크리스마스),화력형,III,테트라,수냉,MG(머신건),스킬2,패시브,눈보라,코어 60회 명중 시 대상에게,[최종 공격력 109.64% 추가 대미지],,
루드밀라 : 윈터 오너(2023년 크리스마스),화력형,III,테트라,수냉,MG(머신건),스킬2,패시브,눈보라,풀 버스트 타임 시작 시 자신에게,[크리티컬 확률 14.6% ▲] [10초 유지],,
루드밀라 : 윈터 오너(2023년 크리스마스),화력형,III,테트라,수냉,MG(머신건),버스트,액티브(40초),이끄는 등불,자신에게,[공격력 62.54% ▲] [10초 유지][재장전 속도 67.2% ▲] [20초 유지],,
미카 : 스노우 버디(2023년 크리스마스),지원형,I,테트라,철갑,SMG(기관단총),스킬1,패시브,정리정돈,일반 공격 120회 명중 시 아군 전체에게,[정리정돈 : 받는 대미지 2% ▼] [10중첩] [15초 유지],,
미카 : 스노우 버디(2023년 크리스마스),지원형,I,테트라,철갑,SMG(기관단총),스킬1,패시브,정리정돈,자신이 정리정돈 최대 중첩 상태라면 아군 전체에게,[최대 장탄 수 40% ▲] [지속],,
미카 : 스노우 버디(2023년 크리스마스),지원형,I,테트라,철갑,SMG(기관단총),스킬2,패시브,응원의 축포,일반 공격 150회 명중 시 아군 전체에게,[중첩 가능 이로운 효과 중첩량 1개 ▲],,
미카 : 스노우 버디(2023년 크리스마스),지원형,I,테트라,철갑,SMG(기관단총),스킬2,패시브,응원의 축포,전투 시작 시 자신에게,[버스트 게이지 충전속도 300% ▲] [지속],,
미카 : 스노우 버디(2023년 크리스마스),지원형,I,테트라,철갑,SMG(기관단총),버스트,액티브(20초),설온제,아군 전체에게,[해로운 효과 1개 해제][시전자 기준 공력력 39.93% ▲] [5초 유지],,
레오나,지원형,II,테트라,수냉,SG(샷건),스킬1,패시브,우렁찬 포효,일반 공격 5회 공격 시 아군 전체에게,[포효 : 크리티컬 확률 2.62% ▲] [5중첩] [5초 유지],,
레오나,지원형,II,테트라,수냉,SG(샷건),스킬1,패시브,우렁찬 포효,일반 공격 15회 공격 시 샷건 소지 아군 전체에게,[적정 최대 사거리 20% ▲] [10초 유지],,
레오나,지원형,II,테트라,수냉,SG(샷건),스킬2,패시브,용기있는 시선,풀 버스트 타임 시작 시 아군 전체에게,[명중률 20.28% ▲] [10초 유지],,
레오나,지원형,II,테트라,수냉,SG(샷건),스킬2,패시브,용기있는 시선,풀 버스트 타임 시작 시 공격력이 가장 높은 샷건 소지 아군 2기에게,[펠릿 개수 5개 ▲] [10초 유지],,
레오나,지원형,II,테트라,수냉,SG(샷건),버스트,액티브(20초),사자의 심장,아군 전체에게,[크리티컬 대미지 34.64% ▲] [10초 유지],,
레오나,지원형,II,테트라,수냉,SG(샷건),버스트,액티브(20초),사자의 심장,자신이 포효 최대 중첩 상태라면 샷건 소지 아군 전체에게,[크리티컬 확률 21.32% ▲] [10초 유지],,
목단,방어형,I,테트라,전격,AR(소총),스킬1,패시브,다 덤벼!,전투 시작 시 자신에게,[잃은 체력 1% 당 방어력 3.51% ▲] [지속],,
목단,방어형,I,테트라,전격,AR(소총),스킬1,패시브,다 덤벼!,자신이 무기 변경 상태라면 일반 공격 5회 명중 시 대상에게,[최종 공격력 47.18% 추가 대미지],,
목단,방어형,I,테트라,전격,AR(소총),스킬2,패시브,여긴 내가 맡는다!,마지막 탄환 발사 시 공격력이 가장 높은 적 3기에게,[도발] [4초 유지],,
목단,방어형,I,테트라,전격,AR(소총),스킬2,패시브,여긴 내가 맡는다!,자신의 체력이 20% 이하일 때 자신에게,[사용 횟수별 효과] [근성 : 단계별 효과만 적용]1회: [최대 체력 91% ▲] [3초 유지] [전투 중 1회 발동]2회: [최대 체력 69.84% ▲] [3초 유지] [전투 중 1회 발동]3회: [최대 체력 51.09% ▲] [3초 유지] [전투 중 1회 발동],,
목단,방어형,I,테트라,전격,AR(소총),버스트,액티브(40초),정정당당 승부다!,자신에게,[사용 무기 변경] :대미지 : 최종 공격력 14.7% 대미지유지 시간: 10초추가 효과[공격 대미지 비례 36.14% 회복] [10초 유지][주목 : 적 전체 도발] [10초 유지]특이사항: 버스트 스킬 시전 중 엄폐 불가,,
목단,방어형,I,테트라,전격,AR(소총),버스트,액티브(40초),정정당당 승부다!,아군 전체에게,[받는 대미지 35.14% ▼] [10초 유지][시전자 기준 방어력 14.85% ▲] [10초 유지],,
에이드,지원형,II,테트라,풍압,AR(소총),스킬1,패시브,"청소를 시작하겠습니다, 주인님.",전투 시작 시 아군 전체에게,[완벽한 메이드 : 해로운 효과 면역 1개] [1중첩] [지속],,
에이드,지원형,II,테트라,풍압,AR(소총),스킬1,패시브,"청소를 시작하겠습니다, 주인님.",자신의 체력 90% 이하일 때 아군 전체에게,[시전자 기준 공격력 5.19% ▲] [5초 유지],,
에이드,지원형,II,테트라,풍압,AR(소총),스킬2,패시브,"잠시 쉬어갈 시간입니다, 주인님.",일반 공격 420회 공격 시 아군 전체에게,[완벽한 메이드 : 해로운 효과 면역 1개] [1중첩] [지속],,
에이드,지원형,II,테트라,풍압,AR(소총),스킬2,패시브,"잠시 쉬어갈 시간입니다, 주인님.",일반 공격 120회 공격 시 아군 전체에게,[시전자 기준 최대 체력만 15.62% ▲] [5초 유지],,
에이드,지원형,II,테트라,풍압,AR(소총),버스트,액티브(20초),"식사 시간입니다, 주인님",아군 전체에게,[시전자 기준 최대 체력만 25.15% ▲] [10초 유지][시전자 기준 공격력 10.15% ▲] [10초 유지],,
베이,방어형,II,테트라,작열,RL(런처),스킬1,패시브,유 캔 두잇,버스트 스킬 사용 시 자신이 생존해 있을 때 한하여 아군 전체에게,[받는 대미지 차등 분배] [지속][시전자 기준 방어력 10.13% ▲] [지속],,
베이,방어형,II,테트라,작열,RL(런처),스킬2,패시브,치얼업 투게더,버스트 스킬 사용 시 자신이 생존해 있을 때 한하여 자신의 엄폐물에게,[받는 대미지 차등 분배] [지속],,
베이,방어형,II,테트라,작열,RL(런처),스킬2,패시브,치얼업 투게더,풀 버스트 타임 종료 시 자신에게,[시전자의 최종 최대 체력 비례 엄폐물 체력 지속 회복 2.88%] [1초 간격] [5초 유지],,
베이,방어형,II,테트라,작열,RL(런처),버스트,액티브(40초),퍼스트 위너,자신에게,[시전자의 최대 체력 비례 엄폐물 최대 체력 18% ▲] [20초 유지],,
베이,방어형,II,테트라,작열,RL(런처),버스트,액티브(40초),퍼스트 위너,아군 전체에게,[받는 대미지 8.87% ▼] [10초 유지],,
클레이,지원형,II,테트라,전격,SMG(기관단총),스킬1,패시브,DON'T MISS!,풀 버스트 타임 지속 중 일반 공격 60회 공격 시 아군 전체에게,[승리의 외침 : 방어 무시 대미지 6.45% ▲] [3중첩] [6초 유지][적 발사체 공격 시 해당 발사체에 가하는 대미지 45.05% ▲] [6초 유지],,
클레이,지원형,II,테트라,전격,SMG(기관단총),스킬2,패시브,WAKE UP!,버스트 1단계 진입 시 아군 전체에게,[해로운 효과 면역 1개] [10초 유지],,
클레이,지원형,II,테트라,전격,SMG(기관단총),스킬2,패시브,WAKE UP!,자신이 승리의 외침 상태일 때 한하여 아군 전체에게,[시전자 기준 공격력 20.07% ▲] [지속],,
클레이,지원형,II,테트라,전격,SMG(기관단총),버스트,액티브(40초),GO! GO! VICTORY!,아군 전체에게,[방어 무시 대미지 12.56% ▲] [10초 유지],,
클레이,지원형,II,테트라,전격,SMG(기관단총),버스트,액티브(40초),GO! GO! VICTORY!,자신에게,[일반 공격을 방어 무시 대미지로 적용] [10초 유지],,
소다 : 트윙클링 바니,화력형,III,테트라,철갑,SG(샷건),스킬1,패시브,럭키 골든 칩,전투 시작 시 자신에게,[골든 칩 중첩량 50개 ▲],,
소다 : 트윙클링 바니,화력형,III,테트라,철갑,SG(샷건),스킬1,패시브,럭키 골든 칩,풀 버스트 타임 지속 중 일반 공격 3회 공격 시 자신에게,[골든 칩 : 크리티컬 대미지 1.32% ▲] [50중첩] [지속],,
소다 : 트윙클링 바니,화력형,III,테트라,철갑,SG(샷건),스킬1,패시브,럭키 골든 칩,풀 버스트 타임 지속 중 일반 공격 3회 공격 시 자신과 자신을 제외한 공격력이 가장 높은 아군 1기에게,[공격 대미지 10.51% ▲] [2초 유지],,
소다 : 트윙클링 바니,화력형,III,테트라,철갑,SG(샷건),스킬2,패시브,비기너즈 베네핏,버스트 3단계 진입 시 아군 전체에게,[골든 칩 중첩량 별 효과] [하위 효과 중복 적용]1단계 : 골든 칩 10중첩 이상이라면[시간 연장 I : 풀 버스트 타임 지속 시간 2초 ▲] [풀 버스트 타임 동안 지속]2단계 : 골든 칩 20중첩 이상이라면[시간 연장 II : 풀 버스트 타임 지속 시간 3초 ▲] [풀 버스트 타임 동안 지속],,
소다 : 트윙클링 바니,화력형,III,테트라,철갑,SG(샷건),스킬2,패시브,비기너즈 베네핏,풀 버스트 타임 지속 중 일반 공격 시 조준선에 가장 가까운 적 1기에게,[시간 연장 상태별 효과] [하위 효과 중복 적용]1단계 : 자신이 시간 연장 I 상태라면[최종 공격력 52.04% 대미지]2단계 : 자신이 시간 연장 II 상태라면[최종 공격력 85.02% 대미지],,
소다 : 트윙클링 바니,화력형,III,테트라,철갑,SG(샷건),버스트,액티브(40초),"고 어헤드, 소다!","고 어헤드, 소다! 사용 시",[골든 칩 중첩량 별 효과] [하위 효과 중복 적용] [효과 적용 후 골든 칩 중첩량 17개 ▼]1단계 : 적 전체에게[최종 공격력 628.7% 대미지]2단계 : 골든 칩 20중첩 이상이라면 자신에게[명중률 38.91% ▲] [15초 유지]3단계 : 골든 칩 30중첩 이상이라면 자신에게[공격력 65.25% ▲] [15초 유지],,
앨리스 : 원더랜드 바니,지원형,I,테트라,수냉,SMG(기관단총),스킬1,패시브,당근과 토끼 파티,일반 공격 60회 공격 시 아군 전체에게,[시전자의 최대 체력 비례 7.4% 회복][당근 파티 : 저지 부위 공격 대미지 2% ▲] [5중첩] [5초 유지],,
앨리스 : 원더랜드 바니,지원형,I,테트라,수냉,SMG(기관단총),스킬1,패시브,당근과 토끼 파티,일반 공격 90회 공격 시 수냉 코드 아군 전체에게,[중첩 가능 이로운 효과 중첩량 1개 ▲],,
앨리스 : 원더랜드 바니,지원형,I,테트라,수냉,SMG(기관단총),스킬2,패시브,좀 더 많은 당근,풀 버스트 타임 종료 시 아군 전체에게,[버스트 게이지 충전 속도 10% ▲] [5초 유지],,
앨리스 : 원더랜드 바니,지원형,I,테트라,수냉,SMG(기관단총),스킬2,패시브,좀 더 많은 당근,풀 버스트 타임 시작 시 아군 전체에게,[최대 장탄 수 40% ▲] [15초 유지][탄환 충전 40%],,
앨리스 : 원더랜드 바니,지원형,I,테트라,수냉,SMG(기관단총),버스트,액티브(40초),소중한 큰 당근,아군 전체에게,[버스트 재진입 1단계][시전자의 최종 최대 체력 비례 27% 회복],,
앨리스 : 원더랜드 바니,지원형,I,테트라,수냉,SMG(기관단총),버스트,액티브(40초),소중한 큰 당근,자신이 당근 파티 최대 중첩 상태라면 아군 전체에게,[받는 체력 회복량 150%] [15초 유지],,
사쿠라 : 블룸 인 서머(2024년 7월 여름),화력형,III,테트라,풍압,AR(소총),스킬1,패시브,피어나다,전투 시작 시 자신에게,[스킬 2 강제 사용],,
사쿠라 : 블룸 인 서머(2024년 7월 여름),화력형,III,테트라,풍압,AR(소총),스킬1,패시브,피어나다,자신을 포함한 아군 누군가 파츠 파괴 시 자신에게,[지속 대미지 5.1% ▲] [30초 유지],,
사쿠라 : 블룸 인 서머(2024년 7월 여름),화력형,III,테트라,풍압,AR(소총),스킬1,패시브,피어나다,자신을 포함한 아군 누군가 파츠 파괴 시 자신이 춤추는 꽃 상태라면 자신에게,[춤추는 꽃 유지 시간 10.02초 ▲],,
사쿠라 : 블룸 인 서머(2024년 7월 여름),화력형,III,테트라,풍압,AR(소총),스킬1,패시브,피어나다,자신을 포함한 아군 누군가 파츠 파괴 시 벚꽃잎 상태인 적 전체에게,[벚꽃잎 10.02초 ▲],,
사쿠라 : 블룸 인 서머(2024년 7월 여름),화력형,III,테트라,풍압,AR(소총),스킬2,액티브(30초),흐드러지다,자신에게,[춤추는 꽃 : 공격 대미지 15.64% ▲] [15초 유지],,
사쿠라 : 블룸 인 서머(2024년 7월 여름),화력형,III,테트라,풍압,AR(소총),스킬2,액티브(30초),흐드러지다,공격력이 가장 높은 적 1기에게,[벚꽃잎 : 최종 공격력 256% 지속 대미지] [1초 간격] [15초 유지],,
사쿠라 : 블룸 인 서머(2024년 7월 여름),화력형,III,테트라,풍압,AR(소총),버스트,액티브(40초),화양연화,무작위 적들에게,[최종 공격력 457.14% 대미지] [10회 순차 공격],,
사쿠라 : 블룸 인 서머(2024년 7월 여름),화력형,III,테트라,풍압,AR(소총),버스트,액티브(40초),화양연화,동일 적 대상에게,[최종 공격력 35.16% 지속 대미지] [1초 간격] [10중첩] [10초 유지],,
로산나 : 시크 오션(2024년 7월 여름),지원형,II,테트라,풍압,AR(소총),스킬1,패시브,페리타,전투 시작 시 아군 전체에게,[파츠 대미지 24.26% ▲] [15초 유지],,
로산나 : 시크 오션(2024년 7월 여름),지원형,II,테트라,풍압,AR(소총),스킬1,패시브,페리타,자신을 포함한 아군 누군가 파츠 파괴 시 아군 전체에게,[시전자 기준 공격력 3% ▲] [5중첩] [30초 유지],,
로산나 : 시크 오션(2024년 7월 여름),지원형,II,테트라,풍압,AR(소총),스킬2,액티브(30초),스피나 다 로사,아군 전체에게,[파츠 대미지 24.26% ▲] [15초 유지],,
로산나 : 시크 오션(2024년 7월 여름),지원형,II,테트라,풍압,AR(소총),스킬2,액티브(30초),스피나 다 로사,조준선에 가장 가까운 적 1기에게,[최종 공격력 70.4% 지속 대미지] [1초 간격] [15초 유지],,
로산나 : 시크 오션(2024년 7월 여름),지원형,II,테트라,풍압,AR(소총),버스트,액티브(20초),온다 그란데,아군 전체에게,[지속 대미지 20.32% ▲] [10초 유지],,
로산나 : 시크 오션(2024년 7월 여름),지원형,II,테트라,풍압,AR(소총),버스트,액티브(20초),온다 그란데,적 전체에게,[받는 대미지 32.23% ▲] [10초 유지],,
루주,지원형,I,테트라,전격,SR(저격소총),스킬1,패시브,카드 스로우,풀 차지 8회 공격 시 아군 전체에게,[시전자 기준 최대 체력만 5% ▲] [5초 유지][버스트 스킬 재사용 시간 7초 ▼],,
루주,지원형,I,테트라,전격,SR(저격소총),스킬2,패시브,코인 플리핑,전투 시작 시 후열에 배치됐을 때 자신과 양 옆에 있는 아군 2기에게,[소드 코인 : 공격 대미지 6.65% ▲] [지속],,
루주,지원형,I,테트라,전격,SR(저격소총),스킬2,패시브,코인 플리핑,풀 차지 30회 공격 시 자신이 소드 코인 상태라면 자신과 양 옆에 있는 아군 2기에게,[실드 코인 : 받는 대미지 15.2% ▼] [지속],,
루주,지원형,I,테트라,전격,SR(저격소총),스킬2,패시브,코인 플리핑,버스트 스킬 5회 사용 시 자신이 실드 코인 상태라면 아군 전체에게,[더블 소드 코인 : 시전자 기준 최대 체력 15.08% ▲] [지속],,
루주,지원형,I,테트라,전격,SR(저격소총),버스트,액티브(20초),더 게임 마스터,아군 전체에게,[시전자 기준 공격력 15.07% ▲] [10초 유지],,
루주,지원형,I,테트라,전격,SR(저격소총),버스트,액티브(20초),더 게임 마스터,자신이 소드 코인 상태라면 아군 전체에게,[시전자 기준 최대 체력만 10.15% ▲] [10초 유지],,
루주,지원형,I,테트라,전격,SR(저격소총),버스트,액티브(20초),더 게임 마스터,자신이 실드 코인 상태라면 아군 전체에게,[시전자 기준 최대 체력 20.1% ▲] [10초 유지],,
루주,지원형,I,테트라,전격,SR(저격소총),버스트,액티브(20초),더 게임 마스터,자신이 더블 소드 코인 상태라면 아군 전체에게,[시전자 기준 최대 체력만 30.02% ▲] [10초 유지],,
루마니,방어형,I,테트라,작열,RL(런처),스킬1,패시브,머슬 업,풀 차지 공격 시 자신에게,[머슬 업: 최대 체력 3.04% ▲] [5중첩] [2초 유지],,
루마니,방어형,I,테트라,작열,RL(런처),스킬1,패시브,머슬 업,풀 버스트 타임 지속 시간 중 풀 차지 공격 명중 시 대상에게,[도발] [5초 유지],,
루마니,방어형,I,테트라,작열,RL(런처),스킬2,패시브,머슬 타임,대상 파츠 5회 명중 시 아군 전체에게,[파츠 대미지 10.05% ▲] [5초 유지],,
루마니,방어형,I,테트라,작열,RL(런처),버스트,액티브(20초),머슬 올마이티,자신에게,[최대 체력 15.13% ▲] [10초 유지],,
루마니,방어형,I,테트라,작열,RL(런처),버스트,액티브(20초),머슬 올마이티,아군 전체에게,[일반 공격 대미지 10.05% 배율 ▲] [10초 유지],,
루마니,방어형,I,테트라,작열,RL(런처),버스트,액티브(20초),머슬 올마이티,자신이 머슬 업 최대 중첩 상태라면 자신에게,[받는 대미지 20.06% ▼] [10초 유지],,
스노우 화이트,화력형,III,필그림,철갑,AR(소총),스킬1,패시브,순백의 의지,일반 공격 30회 명중 시 대상에게,[최종 공격력 82.8% 추가 대미지],,
스노우 화이트,화력형,III,필그림,철갑,AR(소총),스킬1,패시브,순백의 의지,일반 공격 30회 명중 시 자신에게,[공격력 8.28% ▲] [5초 유지],,
스노우 화이트,화력형,III,필그림,철갑,AR(소총),스킬2,액티브(15초),세븐스 드워프 : V&VI,공격 범위 내 적들에게,[공격력 144.73% 대미지],,
스노우 화이트,화력형,III,필그림,철갑,AR(소총),스킬2,액티브(15초),세븐스 드워프 : V&VI,풀 버스트 타임 지속 시간 중 발동 시 자신에게,[크리티컬 확률 26.1% ▲] [10초 유지],,
스노우 화이트,화력형,III,필그림,철갑,AR(소총),버스트,액티브(40초),세븐스 드워프 : I,자신에게,[사용 무기 변경]:차지 시간: 5초대미지 : 공격력 499.5%풀차지 대미지 : 1000% 대미지최대 장탄수 : 1발추가 효과 : 관통 특화,,
이사벨,화력형,III,필그림,전격,SG(샷건),스킬1,패시브,타겟 마킹,버스트 스킬 사용 시 자신에게,[타겟 마킹 1: 크리티컬 확률 6.26% ▲] [45초 유지],,
이사벨,화력형,III,필그림,전격,SG(샷건),스킬1,패시브,타겟 마킹,버스트 스킬 사용 시 자신이 타겟마킹 1 상태라면 자신에게,[타겟 마킹 2: 크리티컬 대미지 18.03% ▲] [하위 효과 중복 적용] [45초 유지],,
이사벨,화력형,III,필그림,전격,SG(샷건),스킬1,패시브,타겟 마킹,버스트 스킬 사용 시 자신이 타겟마킹 2 상태라면 자신에게,[타겟 마킹 3: 공격력 17.28% ▲] [하위 효과 중복 적용] [45초 유지],,
이사벨,화력형,III,필그림,전격,SG(샷건),스킬2,패시브,페더 이젝션,방어력이 가장 높은 적기에게,[공격력 170.58% 대미지],,
이사벨,화력형,III,필그림,전격,SG(샷건),버스트,액티브(40초),소닉 체이서,적 전체에게,[공격력 149.85% 대미지][자신 상태 별 추가 효과] [하위 효과 중복 적용]:타겟 마킹 1: [받는 대미지 39.96% ▲] [5초 유지]타겟 마킹 2: [공격력 299.7% 추가 대미지]타겟 마킹 3: [공격력 349.65% 추가 대미지],,
이사벨,화력형,III,필그림,전격,SG(샷건),버스트,액티브(40초),소닉 체이서,아군 전체에게,[풀 버스트 타임 지속 시간 5초 ▼],,
라푼젤,지원형,I,필그림,철갑,RL(런처),스킬1,패시브,세크리파이스,풀차지 공격 시 체력이 가장 낮은 아군 3기에게,[시전자 최대 체력 비례 4.03% 회복],,
라푼젤,지원형,I,필그림,철갑,RL(런처),스킬2,액티브(15초),디바인 블레스,공격력이 가장 높은 아군 2기에게,[최대 체력 8.19% ▲] [15초 유지][받는 체력 회복량 13.65% ▲] [15초 유지],,
라푼젤,지원형,I,필그림,철갑,RL(런처),버스트,액티브(60초),가든 오브 샹그릴라,아군 전체에게,[시전자 최대 체력 비례 40.83% 회복],,
라푼젤,지원형,I,필그림,철갑,RL(런처),버스트,액티브(60초),가든 오브 샹그릴라,전투불능 상태 공격력이 가장 높은 아군 1기에게,[체력 81.67%로 부활],,
라푼젤,지원형,I,필그림,철갑,RL(런처),버스트,액티브(60초),가든 오브 샹그릴라,자신의 체력이 30% 이하라면 적 전체에게,[기절] [1초 유지],,
홍련,화력형,III,필그림,전격,AR(소총),스킬1,패시브,육참골단,일반 공격 10회 명중 시 자신에게,[공격력 23.15% ▲] [5중첩] [5초 유지][현재 체력 4.01%▼],,
홍련,화력형,III,필그림,전격,AR(소총),스킬2,패시브,검신합일,피격 시 30% 확률로 대상에게,[공격력 138.24% 추가 대미지],,
홍련,화력형,III,필그림,전격,AR(소총),스킬2,패시브,검신합일,자신의 체력이 60% 이하일 때 한하여 자신에게,[크리티컬 대미지 6.61% ▲] [지속],,
홍련,화력형,III,필그림,전격,AR(소총),버스트,액티브(40초),홍련일섬,자신의 체력이 50% 이하라면 자신에게,[크리티컬 확률 19.57% ▲][10초 유지],,
홍련,화력형,III,필그림,전격,AR(소총),버스트,액티브(40초),홍련일섬,적 전체에게,[공격력 849.15% 대미지],,
하란,화력형,III,필그림,전격,SR(저격소총),스킬1,패시브,역병 전이,공격 시 25% 확률로 대상에게,[바이러스 전이 : 공격력 17.28% 지속 대미지] [1초간격] [5초 유지],,
하란,화력형,III,필그림,전격,SR(저격소총),스킬1,패시브,역병 전이,적 사망 시 대상이 바이러스 전이 상태였다면 가장 가까운 적 2기에게,[바이러스 전이: 공격력 17.28% 지속 대미지] [1초 간격] [5초 유지],,
하란,화력형,III,필그림,전격,SR(저격소총),스킬2,패시브,포식,풀차지 공격 시 자신에게,[관통 특화] [1발 유지][크리티컬 확률 2.95% ▲] [1발 유지],,
하란,화력형,III,필그림,전격,SR(저격소총),스킬2,패시브,포식,적 처치 시 자신에게,[공격력 3.02% ▲] [15 중첩] [10초 유지],,
하란,화력형,III,필그림,전격,SR(저격소총),버스트,액티브(40초),사멸의 날,적 전체에게,[공격력 999% 대미지],,
노아,방어형,II,필그림,풍압,RL(런처),스킬1,패시브,아파보이네?,피격 시 10% 확률로 아군 전체에게,[받는 대미지 8%▼] [10초 유지],,
노아,방어형,II,필그림,풍압,RL(런처),스킬2,패시브,때려볼래?,풀차지 공격 시 대상에게,[도발] [2초 유지][공격력 13.25%▼] [5초 유지],,
노아,방어형,II,필그림,풍압,RL(런처),버스트,액티브(40초),약오르죠?,자신에게,[주목 : 적 전체 도발] [10초 유지],,
노아,방어형,II,필그림,풍압,RL(런처),버스트,액티브(40초),약오르죠?,아군 전체에게,[무적] [3초 유지][방어력 133.48% ▲] [10초 유지],,
모더니아,화력형,III,필그림,작열,MG(머신건),스킬1,패시브,고속진화,일반 공격 명중 시 대상에게,[공격력 3.05% 추가 대미지],,
모더니아,화력형,III,필그림,작열,MG(머신건),스킬1,패시브,고속진화,일반 공격 200회 명중 시 자신에게,[크리티컬 대미지 14.25% ▲] [5중첩] [10초 유지][최대 장탄수 5.04%▼] [5중첩] [10초 유지],,
모더니아,화력형,III,필그림,작열,MG(머신건),스킬2,패시브,대도약,풀 버스트 타임 시작 시 아군 전체에게,[명중률 8.56% ▲] [15초 유지],,
모더니아,화력형,III,필그림,작열,MG(머신건),스킬2,패시브,대도약,일반 공격 200회 명중 시 자신이 명중률 증가 상태라면 자신에게,[공격력 29.38% ▲] [10초 유지],,
모더니아,화력형,III,필그림,작열,MG(머신건),버스트,액티브(40초),신세계,아군 전체에게,[풀 버스트 타임 지속 시간 5초 ▲],,
모더니아,화력형,III,필그림,작열,MG(머신건),버스트,액티브(40초),신세계,자신에게,"[장탄수 무한] [15초 유지][섬멸 모드]:기능: 조준선 확장 & 조준 범위 내 적 전체 동시 조준. 보스는 저지부위 및 파츠무관, 단일 적으로 간주대미지 : 공격력 2.24% 대미지유지 시간: 15초",,
니힐리스타(탐색),화력형,II,필그림,작열,SR(저격소총),스킬1,패시브,버닝 샷,풀차지 공격 시 자신에게,[관통 특화] [1발 유지][관통 범위 50% 확장] [1발 유지],,
니힐리스타(탐색),화력형,II,필그림,작열,SR(저격소총),스킬1,패시브,버닝 샷,2기 이상을 동시에 명중 시켰다면 대상에게,[공격력 50.33% 추가 대미지],,
니힐리스타(탐색),화력형,II,필그림,작열,SR(저격소총),스킬2,액티브(10초),메기도 플레임,공격 범위 내 적들에게,[공격력 112.64% 대미지],,
니힐리스타(탐색),화력형,II,필그림,작열,SR(저격소총),버스트,액티브(20초),번 아포칼립스,공격 범위 내 적들에게,[공격력 158.59% 대미지][화상 : 공격력 13.19% 지속 대미지] [1초 간격] [10초 유지],,
니힐리스타(탐색),화력형,II,필그림,작열,SR(저격소총),버스트,액티브(20초),번 아포칼립스,자신에게,[최대 장탄수 6발 ▲] [15초 유지],,
도로시(0.5주년),지원형,I,필그림,수냉,AR(소총),스킬1,패시브,성화,마지막 탄환 공격 시 아군 전체에게,[버스트 스킬 재사용 시간 1.56초▼],,
도로시(0.5주년),지원형,I,필그림,수냉,AR(소총),스킬1,패시브,성화,마지막 탄환 공격 시 자신이 발현 상태라면 아군 전체에게,[적의 파츠를 공격 시 해당 파츠에 가하는 대미지 50.68% 증가] [5초 유지],,
도로시(0.5주년),지원형,I,필그림,수냉,AR(소총),스킬2,액티브(20초),세례,적 전체에게,[초토화 : 공격력 216% 분배 대미지],,
도로시(0.5주년),지원형,I,필그림,수냉,AR(소총),버스트,액티브(20초),실낙원,자신에게,[발현 : 2번 스킬 재사용 시간 2초로 변경] [10초 유지][관통 특화] [10초 유지],,
도로시(0.5주년),지원형,I,필그림,수냉,AR(소총),버스트,액티브(20초),실낙원,지정한 적 대상 1기에게,[낙인: 유지 시간동안 해당 적의 받는 대미지 일괄 누적 유지 시간 만료 후 누적대미지만큼 적 전체에 분배 대미지. 대미지 최대 누적량은 시전자 공격력의 8900.83% 만큼 가능] [10초 유지],,
스노우 화이트: 이노센트 데이즈(1주년),화력형,III,필그림,철갑,AR(소총),스킬1,패시브,세븐스 드워프 V & VI,일반 공격 30회 명중 시 자신에게,[최대 장탄 수 25.66% ▲] [5중첩] [5초 유지],,
스노우 화이트: 이노센트 데이즈(1주년),화력형,III,필그림,철갑,AR(소총),스킬1,패시브,세븐스 드워프 V & VI,일반 공격 30회 명중 시 공격 범위 내 적들에게,[최종 공격력 188.68% 대미지],,
스노우 화이트: 이노센트 데이즈(1주년),화력형,III,필그림,철갑,AR(소총),스킬2,패시브,세븐스 드워프 IV,일반 공격 50회 명중 시 적 전체에게,[최종 공격력 61.69% 대미지],,
스노우 화이트: 이노센트 데이즈(1주년),화력형,III,필그림,철갑,AR(소총),스킬2,패시브,세븐스 드워프 IV,버스트 스킬 사용 시 자신에게,[공격 대미지 21.12% ▲] [10초 유지],,
스노우 화이트: 이노센트 데이즈(1주년),화력형,III,필그림,철갑,AR(소총),버스트,액티브(40초),세븐스 드워프 III,자신에게,[스킬 2 명중 횟수 조건 20회 ▼] [10초 유지] [시전자 기준 공격력 97.2% ▲] [10초 유지][장탄 수 무한] [10초 유지],,
레드 후드(1주년),화력형,I ~ III,필그림,철갑,SR(저격소총),스킬1,패시브,글레링 아이즈,일반 공격 시 자신에게,[차지 속도 3.81% ▲] [10 중첩] [5초 유지],,
레드 후드(1주년),화력형,I ~ III,필그림,철갑,SR(저격소총),스킬1,패시브,글레링 아이즈,전투 시작 시 자신에게,[차지 속도 100% 초과 시 초과된 값을 차지 대미지로 변환][초과된 값의 240% 차지 대미지 ▲] [지속],,
레드 후드(1주년),화력형,I ~ III,필그림,철갑,SR(저격소총),스킬2,패시브,와일드 투스,전투 시작 시 자신에게,[관통 특화] [지속],,
레드 후드(1주년),화력형,I ~ III,필그림,철갑,SR(저격소총),스킬2,패시브,와일드 투스,자신이 비스트 케이지 적용 시 아군 전체에게,[시전자 기준 방어력 50.68% ▲] [10초 유지],,
레드 후드(1주년),화력형,I ~ III,필그림,철갑,SR(저격소총),스킬2,패시브,와일드 투스,자신이 엔드 하울링 적용 시 자신에게,[공격 대미지 비례 23.04% 회복] [10초 유지],,
레드 후드(1주년),화력형,I ~ III,필그림,철갑,SR(저격소총),스킬2,패시브,와일드 투스,자신이 레드 울프 발동 시 자신에게,[시전자 기준 공격력 71.42% ▲] [10초 유지],,
레드 후드(1주년),화력형,I ~ III,필그림,철갑,SR(저격소총),버스트,액티브(40초),레드 울프,<Step 1에서 사용 시 : 비스트 케이지> 아군 전체에게,[시전자 기준 공격력 77.55% ▲] [10초 유지],,
레드 후드(1주년),화력형,I ~ III,필그림,철갑,SR(저격소총),버스트,액티브(40초),레드 울프,<Step 1에서 사용 시 : 비스트 케이지> 자신에게,[버스트 스킬 재사용 시간 40초▼] [전투 중 1회 발동],,
레드 후드(1주년),화력형,I ~ III,필그림,철갑,SR(저격소총),버스트,액티브(40초),레드 울프,<Step 2에서 사용 시 : 엔드 하울링> 자신에게,[주목 : 적 전체를 도발] [10초 유지][받는 체력 회복량 74.88% ▲] [10초 유지][버스트 스킬 재사용 시간 40초▼] [전투 중 1회 발동],,
레드 후드(1주년),화력형,I ~ III,필그림,철갑,SR(저격소총),버스트,액티브(40초),레드 울프,<Step 3에서 사용 시 : 레드 울프> 자신에게,[사용 무기 변경]:대미지 : 최종 공격력 51.46% 대미지풀 차지 대미지 : 250%유지 시간 : 10초추가 효과[관통 범위 100% 확장] [10초 유지][차지 속도 100.8% ▲] [10초 유지],,
홍련 : 흑영,화력형,III,필그림,풍압,RL(런처),스킬1,패시브,화무십일홍 · 파죽,풀 차지 공격 시,[공격 횟수 별 효과] [단계별 효과만 적용] :3회 : 방어력 가장 낮은 적 1기에게[최종 공격력 250.47% 대미지]6회 : 공격 범위 내 적들에게[최종 공격력 500% 분배 대미지]9회 : 적 전체에게[최종 공격력 750.47% 분배 대미지],,
홍련 : 흑영,화력형,III,필그림,풍압,RL(런처),스킬2,패시브,화무십일홍 · 수라,풀 버스트 타임 시작 시 자신에게,[최대 장탄 수 60% ▲] [10초 유지][탄환 충전 100%],,
홍련 : 흑영,화력형,III,필그림,풍압,RL(런처),버스트,액티브(40초),화무십일홍 · 만개,자신에게,[스킬1의 풀 차지 공격 횟수 조건이 1회/2회/3회로 변경] [10초 유지][공격력 115.12% ▲] [10초 유지][차지 대미지 150.12% ▲] [10초 유지],,
크라운(1.5주년),방어형,II,필그림,철갑,MG(머신건),스킬1,패시브,원 포 올,풀 버스트 타임 시작 시 직전에 버스트 스킬을 사용한 아군 전체에게,[시전자 기준 공격력 64.51% ▲] [15초 유지][재장전 속도 44.35% ▲] [15초 유지],,
크라운(1.5주년),방어형,II,필그림,철갑,MG(머신건),스킬1,패시브,원 포 올,풀 버스트 타임 시작 시 직전에 버스트 스킬을 사용하지 않은 아군 전체에게,[시전자 기준 방어력 37.44% ▲] [15초 유지][재장전 속도 44.35% ▲] [15초 유지],,
크라운(1.5주년),방어형,II,필그림,철갑,MG(머신건),스킬2,패시브,로얄 에타이어,일반 공격 43회 공격 시 자신에게,[릴렉스 : 받는 체력 회복량 4.06% ▲] [20중첩] [지속],,
크라운(1.5주년),방어형,II,필그림,철갑,MG(머신건),스킬2,패시브,로얄 에타이어,자신이 릴렉스 최대 중첩 상태라면 중첩 해제 후 자신에게,[무적] [5초 유지][주목 : 적 전체 도발] [5초 유지][시전자의 최종 최대 체력 비례 5.23% 회복],,
크라운(1.5주년),방어형,II,필그림,철갑,MG(머신건),스킬2,패시브,로얄 에타이어,회복 효과 적용 시 아군 전체에게,[공격 대미지 20.99% ▲] [7초 유지],,
크라운(1.5주년),방어형,II,필그림,철갑,MG(머신건),버스트,스킬(20초),라스트 킹덤,아군 전체에게,[공격 대미지 36.24% ▲] [15초 유지][시전자의 최종 최대 체력 비례 10.45% 보호막] [15초 유지],,
라푼젤 : 퓨어 그레이스(2주년),방어형,I,필그림,철갑,SR(저격소총),스킬1,패시브,생츄어리,전투 시작 시 자신에게,[시전자의 최종 최대 체력 비례 20.59% 공용 보호막] [지속],,
라푼젤 : 퓨어 그레이스(2주년),방어형,I,필그림,철갑,SR(저격소총),스킬1,패시브,생츄어리,버스트 스킬 사용 시 자신에게,[시전자의 최종 최대 체력 비례 20.59% 공용 보호막] [지속],,
라푼젤 : 퓨어 그레이스(2주년),방어형,I,필그림,철갑,SR(저격소총),스킬1,패시브,생츄어리,풀 차지 상태를 1초 이상 유지 시 자신이 보호막 적용 상태일 때 한하여 아군 전체에게,[공격 대미지 10.41% ▲] [지속],,
라푼젤 : 퓨어 그레이스(2주년),방어형,I,필그림,철갑,SR(저격소총),스킬2,패시브,프레이,풀 차지 공격 시 자신에게,[시전자의 최종 최대 체력 비례 2% 회복],,
라푼젤 : 퓨어 그레이스(2주년),방어형,I,필그림,철갑,SR(저격소총),스킬2,패시브,프레이,풀 차지 상태를 1초 이상 유지 시 자신이 보호막 적용 상태일 때 한하여 아군 전체에게,[현재 체력 2% ▼] [1초 간격] [지속][시전자의 최종 최대 체력 비례 보호막 체력 3.16% 회복] [1초 간격] [지속],,
라푼젤 : 퓨어 그레이스(2주년),방어형,I,필그림,철갑,SR(저격소총),버스트,액티브(20초),가든 오브 유토피아,자신에게,[최대 체력 10.13% ▲] [10초 유지],,
라푼젤 : 퓨어 그레이스(2주년),방어형,I,필그림,철갑,SR(저격소총),버스트,액티브(20초),가든 오브 유토피아,아군 전체에게,[공격 대미지 15.24% ▲] [10초 유지],,
신데렐라(2주년),방어형,III,필그림,전격,RL(런처),스킬1,패시브,무결한 유리,버스트 3단계 진입 시 자신에게,[시전자의 최종 최대 체력 2.71%만큼 공격력 ▲] [10초 유지],,
신데렐라(2주년),방어형,III,필그림,전격,RL(런처),스킬1,패시브,무결한 유리,풀 차지 공격 시 자신에게,[차지 속도 100% ▲] [최대 장탄 재장전 완료 시 삭제],,
신데렐라(2주년),방어형,III,필그림,전격,RL(런처),스킬1,패시브,무결한 유리,풀 차지 공격 명중 시 대상에게,[최종 공격력 136.6% 추가 대미지],,
신데렐라(2주년),방어형,III,필그림,전격,RL(런처),스킬2,패시브,더러워지지 않는 거울,전투 시작 시 자신에게,[디코이 : 시전자의 최종 최대 체력 비례 96% 분신] [지속],,
신데렐라(2주년),방어형,III,필그림,전격,RL(런처),스킬2,패시브,더러워지지 않는 거울,버스트 3단계 진입 시 자신에게,[디코이 : 시전자의 최종 최대 체력 비례 96% 분신] [지속],,
신데렐라(2주년),방어형,III,필그림,전격,RL(런처),스킬2,패시브,더러워지지 않는 거울,디코이가 있다면 3초마다 자신에게,[아름다움 : 최대 체력 1.6% ▲] [12중첩] [지속],,
신데렐라(2주년),방어형,III,필그림,전격,RL(런처),버스트,액티브(40초),유리 구두 풀 컨텍트,무작위 적들에게,[최종 공격력 682.96% 대미지] [10회 순차 공격],,
신데렐라(2주년),방어형,III,필그림,전격,RL(런처),버스트,액티브(40초),유리 구두 풀 컨텍트,자신이 아름다움 상태라면 동일 적 대상에게,[최종 공격력 28.9% 추가 대미지] [아름다움 중첩 복사],,
그레이브(2주년),지원형,II,필그림,작열,AR(소총),스킬1,패시브,방열,미래 예지 상태 종료 시 자신에게,[탄환 100% 제거][방열 : 재장전 비율 50% ▼] [방열 제거 조건],,
그레이브(2주년),지원형,II,필그림,작열,AR(소총),스킬1,패시브,방열,자신이 방열 상태일 때 한하여 자신에게,[최종 최대 체력 비례 2% 회복] [1초 간격] [지속],,
그레이브(2주년),지원형,II,필그림,작열,AR(소총),스킬1,패시브,방열,자신이 방열 상태일 때 한하여 아군 전체에게,[버스트 게이지 충전 속도 38.96% ▲] [지속],,
그레이브(2주년),지원형,II,필그림,작열,AR(소총),스킬2,패시브,과열,일반 공격 15회 명중 시 자신에게,[과열 I : 공격력 15.48% ▲] [최대 장탄 재장전 완료 시 삭제],,
그레이브(2주년),지원형,II,필그림,작열,AR(소총),스킬2,패시브,과열,미래 예지 상태 적용 후 일반 공격 명중 시 자신에게,[공격 명중 횟수 별 효과] [하위 효과 중복 적용]30회 : 미래 예지와 과열 I 상태일 때 한하여[과열 II : 공격력 20.66% ▲] [지속]60회 : 미래 예지와 과열 II 상태일 때 한하여[과열 III : 공격 대미지 30.8% ▲] [지속],,
그레이브(2주년),지원형,II,필그림,작열,AR(소총),버스트,액티브(20초),라이터즈 스포일러,자신에게,[미래 예지][현재 체력 1% ▼] [1초 간격] [10초 유지][장탄 수 무한] [10초 유지][관통 특화] [10초 유지][관통 대미지 52.8% ▲] [10초 유지][크리티컬 확률 85.19% ▲] [10초 유지],,
그레이브(2주년),지원형,II,필그림,작열,AR(소총),버스트,액티브(20초),라이터즈 스포일러,아군 전체에게,[공격 대미지 48.2% ▲] [10초 유지][관통 대미지 39.98% ▲] [10초 유지][최대 장탄 수 3발 ▲] [10초 유지],,
마키마(체인소맨),방어형,II,어브노멀,수냉,SMG(기관단총),스킬1,패시브,나에게 활약을 보여줄 수 있겠니?,20회 피격 시 아군 전체에게,[재장전 속도 36.96% ▲] [10초 유지][방어력 14.78% ▲] [10초 유지],,
마키마(체인소맨),방어형,II,어브노멀,수냉,SMG(기관단총),스킬2,패시브,발각된 모양이네,일반 공격 120회 공격 시 자신에게,[주목 : 적 전체 도발] [3초 유지],,
마키마(체인소맨),방어형,II,어브노멀,수냉,SMG(기관단총),스킬2,패시브,발각된 모양이네,전투불능에 이르는 공격에 피격 시 자신에게,[불굴] [7초 유지] [전투 중 1회 발동][버스트 스킬 쿨타임 11.58초],,
마키마(체인소맨),방어형,II,어브노멀,수냉,SMG(기관단총),버스트,액티브(20초),조용히 해주겠니?,자신에게,[관통 특화] [10초 유지][공격 대미지 비례 34.02% 회복] [10초 유지],,
마키마(체인소맨),방어형,II,어브노멀,수냉,SMG(기관단총),버스트,액티브(20초),조용히 해주겠니?,자신이 불굴 상태라면 자신에게,[받는 체력 회복량 41.02% ▲] [10초 유지],,
파워(체인소맨),화력형,III,어브노멀,작열,RL(런처),스킬1,패시브,피의 마인,풀차지 공격 시 자신에게,[피의 마인 : 공격력 6.4% ▲] [5 중첩] [3초 유지],,
파워(체인소맨),화력형,III,어브노멀,작열,RL(런처),스킬2,패시브,피의 폭발,일반 공격 18회 공격 시 자신이 피의 마인 최대 중첩 상태라면 자신에게,[폭발 범위 38.61% ▲] [10초 유지][탄환 충전 100%] [전투 중 1회 발동],,
파워(체인소맨),화력형,III,어브노멀,작열,RL(런처),버스트,액티브(40초),피의 해머,공격력이 가장 높은 적 1기에게,[공격력 1584% 대미지],,
파워(체인소맨),화력형,III,어브노멀,작열,RL(런처),버스트,액티브(40초),피의 해머,자신이 피의 마인 최대 중첩 상태라면 동일 적 대상에게,[공격력 1584% 추가 대미지],,
2B(니어 오토마타),방어형,III,어브노멀,작열,AR(소총),스킬1,패시브,생존 행동,버스트 스킬 사용 시 자신에게,[시작 횟수 별 효과] [하위 효과 중복 적용]1회 : [최대 체력 10.03% ▲] [지속]2회 : [최대 체력 20.06% ▲] [지속]3회 : [최대 체력 57.76% ▲] [지속],,
2B(니어 오토마타),방어형,III,어브노멀,작열,AR(소총),스킬2,패시브,클러스터 봄,300회 사격 시 적 전체에게,[최종 공격력 167.45% 대미지],,
2B(니어 오토마타),방어형,III,어브노멀,작열,AR(소총),스킬2,패시브,클러스터 봄,전투 시작 시 자신에게,[시전자의 최종 최대 체력의 6.16%만큼 공격력 ▲] [지속],,
2B(니어 오토마타),방어형,III,어브노멀,작열,AR(소총),버스트,액티브(40초),연속 공격,적 전체에게,[최종 공격력 2439.36% 분배 대미지],,
2B(니어 오토마타),방어형,III,어브노멀,작열,AR(소총),버스트,액티브(40초),연속 공격,최대 체력이 가장 높은 적 1기에게,[최종 공격력 792% 추가 대미지],,
A2(니어 오토마타),화력형,III,어브노멀,작열,RL(런처),스킬1,패시브,출력 상승,버스트 스킬 사용 시 자신에게,[차지 대미지 110.44% ▲] [15초 유지][폭발 범위 100.74% ▲] [15초 유지],,
A2(니어 오토마타),화력형,III,어브노멀,작열,RL(런처),스킬2,패시브,완충전 공격,풀 차지 공격 명중 시 대상에게,[최종 공격력 30.1% 추가 대미지],,
A2(니어 오토마타),화력형,III,어브노멀,작열,RL(런처),스킬2,패시브,완충전 공격,풀 차지 공격 명중 시 자신에게,[파츠 대미지 40.88% ▲] [3초 유지],,
A2(니어 오토마타),화력형,III,어브노멀,작열,RL(런처),버스트,액티브(40초),B 모드,자신에게,[B 모드] :기능 : 1초 마다 자신의 체력이 감소하는 대신 공격력과 차지 속도 증가자신의 체력이 40% 이하라면 B 모드 해제.효과1 : [현재 체력 3.99% ▼] [1초 간격]효과2 : [공력력 15.19% ▲]효과3 : [차지 속도 35.88% ▲],,
에밀리아(Re:제로부터 시작하는 이세계 생활),화력형,III,어브노멀,수냉,RL(런처),스킬1,패시브,미정령의 축복,풀 차지 공격 시 자신에게,[차지 속도 13.01% ▲] [1발 유지][최종 최대 장탄 수 1발 당 차지 대미지 2.01% ▲] [1발 유지],,
에밀리아(Re:제로부터 시작하는 이세계 생활),화력형,III,어브노멀,수냉,RL(런처),스킬2,패시브,대정령의 철퇴,풀 차지 공격 명중 시 대상에게,[자신이 가한 피해량의 58.99% 만큼 본체에 고정 대미지],,
에밀리아(Re:제로부터 시작하는 이세계 생활),화력형,III,어브노멀,수냉,RL(런처),스킬2,패시브,대정령의 철퇴,풀 버스트 타임 시작 시 자신에게,[최대 장탄 수 3발 ▲] [10초 유지],,
에밀리아(Re:제로부터 시작하는 이세계 생활),화력형,III,어브노멀,수냉,RL(런처),버스트,액티브(40초),빙결의 마녀,자신에게,[폭발 범위 101.24% ▲] [10초 유지][빙결의 마녀]기능 : 차지 속도가 감소하는 대신 차지 대미지 증가1발 유지효과1 : [차지 속도 300% ▼]효과2 : [차지 대미지 1300.53% ▲],,
렘(Re:제로부터 시작하는 이세계 생활),지원형,II,어브노멀,수냉,MG(머신건),스킬1,패시브,렘에게 맡겨주세요!,자신이 도깨비 기운 상태라면 일반 공격 15회 명중 시 자신에게,[공격력 4.22% ▲] [30중첩] [10초 유지],,
렘(Re:제로부터 시작하는 이세계 생활),지원형,II,어브노멀,수냉,MG(머신건),스킬1,패시브,렘에게 맡겨주세요!,버스트 스킬 사용 시 아군 전체에게,[체력 회복 분배] [10초 유지],,
렘(Re:제로부터 시작하는 이세계 생활),지원형,II,어브노멀,수냉,MG(머신건),스킬2,패시브,렘이 치료하겠습니다!,전투 시작 시 자신에게,[공격 대미지 비례 42.24% 회복] [지속],,
렘(Re:제로부터 시작하는 이세계 생활),지원형,II,어브노멀,수냉,MG(머신건),스킬2,패시브,렘이 치료하겠습니다!,전투 시작 시 자신과 공격력 높은 로켓 런처 소지 아군 2기에게,[체력 회복 분배] [지속],,
렘(Re:제로부터 시작하는 이세계 생활),지원형,II,어브노멀,수냉,MG(머신건),버스트,액티브(20초),렘은 용서하지 않습니다!,자신에게,[도깨비 기운 : 크리티컬 확률 37.8% ▲] [10초 유지],,
렘(Re:제로부터 시작하는 이세계 생활),지원형,II,어브노멀,수냉,MG(머신건),버스트,액티브(20초),렘은 용서하지 않습니다!,로켓 런처 소지 아군 전체에게,[시전자 기준 공격력 50.78% ▲] [10초 유지][최대 장탄 수 5발 ▲] [10초 유지],,
시키나미 아스카 랑그레이(에반게리온 신극장판),화력형,III,어브노멀,작열,AR(소총),스킬1,패시브,호승심,전투 시작 시 자신에게,[보호막에 가하는 대미지 601.01% ▲] [지속](랩쳐의 본체가 아닌 보호막에 적용되는 대미지에 한함),,
시키나미 아스카 랑그레이(에반게리온 신극장판),화력형,III,어브노멀,작열,AR(소총),스킬1,패시브,호승심,회복 효과 적용 시 자신에게,[공격력 96.98% ▲] [25초 유지],,
시키나미 아스카 랑그레이(에반게리온 신극장판),화력형,III,어브노멀,작열,AR(소총),스킬2,패시브,돌격 전술,풀 버스트 타임 시작 시 자신이 보호막 적용 상태라면 자신에게,[우월 코드 공격 대미지 30.02% ▲] [10초 유지],,
시키나미 아스카 랑그레이(에반게리온 신극장판),화력형,III,어브노멀,작열,AR(소총),스킬2,패시브,돌격 전술,풀 버스트 타임 시작 시 작열 코드 아군 전체에게,[코어 대미지 60.07% ▲] [10초 유지],,
시키나미 아스카 랑그레이(에반게리온 신극장판),화력형,III,어브노멀,작열,AR(소총),버스트,액티브(40초),관통 특화 탄환,자신에게,[관통 특화] [25초 유지][공격 대미지 150.04% ▲] [10초 유지][공격 대미지 비례 3.16% 회복] [10초 유지][명중률 101.37% ▲] [10초 유지],,
아야나미 레이(에반게리온 신극장판),화력형,III,어브노멀,작열,MG(머신건),스킬1,패시브,선두 제압,일반 공격 100회 공격 시 자신에게,[우월 코드 공격 대미지 30.23% ▲] [3초 유지],,
아야나미 레이(에반게리온 신극장판),화력형,III,어브노멀,작열,MG(머신건),스킬1,패시브,선두 제압,일반 공격 100회 명중 시 조준선에 가장 가까운 공격 범위 내 적들에게 ,[최종 공격력 112.37% 대미지],,
아야나미 레이(에반게리온 신극장판),화력형,III,어브노멀,작열,MG(머신건),스킬2,패시브,공격 지원,전투 시작 시 자신에게,[보호막에 가하는 대미지 700.5% ▲] [지속](랩쳐의 본체가 아닌 보호막에 적용되는 대미지에 한함),,
아야나미 레이(에반게리온 신극장판),화력형,III,어브노멀,작열,MG(머신건),스킬2,패시브,공격 지원,버스트 3단계 진입 시 작열 코드 아군 전체에게,[시전자 기준 공격력 25.03% ▲] [10초 유지],,
아야나미 레이(에반게리온 신극장판),화력형,III,어브노멀,작열,MG(머신건),버스트,액티브(40초),섬멸용 고폭탄,작열 코드 아군 전체에게,[시전자의 최종 최대 체력 비례 13.44% 보호막] [10초 유지][공격 대미지 48.02% ▲] [10초 유지],,
아야나미 레이(에반게리온 신극장판),화력형,III,어브노멀,작열,MG(머신건),버스트,액티브(40초),섬멸용 고폭탄,적 전체에게,[최종 공격력 990.2% 대미지],,
마키나미 마리 일러스트리어스(에반게리온 신극장판),지원형,II,어브노멀,전격,SR(저격소총),스킬1,패시브,일점 저격,풀 차지 공격 시 아군 전체에게,[보호막에 가하는 대미지 100.09% ▲] [3초 유지](랩쳐의 본체가 아닌 보호막에 적용되는 대미지에 한함),,
마키나미 마리 일러스트리어스(에반게리온 신극장판),지원형,II,어브노멀,전격,SR(저격소총),스킬1,패시브,일점 저격,대상 코어 명중 시 아군 전체에게,[관통 대미지 40.99% ▲] [10초 유지],,
마키나미 마리 일러스트리어스(에반게리온 신극장판),지원형,II,어브노멀,전격,SR(저격소총),스킬2,액티브(10초),정신 집중,자신에게,[관통 특화] [5초 유지][공격력 30.78% ▲] [5초 유지],,
마키나미 마리 일러스트리어스(에반게리온 신극장판),지원형,II,어브노멀,전격,SR(저격소총),스킬2,액티브(10초),정신 집중,아군 전체에게,[시전자 기준 공격력 30.78% ▲] [5초 유지],,
마키나미 마리 일러스트리어스(에반게리온 신극장판),지원형,II,어브노멀,전격,SR(저격소총),스킬2,액티브(20초),좌표 유도식 미사일,적 전체에게,[최종 공격력 639.36% 대미지],,
마키나미 마리 일러스트리어스(에반게리온 신극장판),지원형,II,어브노멀,전격,SR(저격소총),버스트,액티브(20초),좌표 유도식 미사일,아군 전체에게,[공격 대미지 40.99% ▲] [10초 유지],,
라피 : 레드 후드,화력형,III,오버스펙,작열,MG(머신건),스킬1,패시브,전황 파악,전투 시작 시와 풀 버스트 타임 종료 시,[스쿼드 구성 별 효과] [해당되는 효과만 적용]기본 버스트 단계가 Step 1인 아군이 없다면 자신에게[전투 보조 : 버스트 1단계로 변경] [지속]기본 버스트 단계가 Step 1인 아군이 있다면 자신에게[전투 보조 해제],,
라피 : 레드 후드,화력형,III,오버스펙,작열,MG(머신건),스킬1,패시브,전황 파악,풀 버스트 타임 시작 시 자신이 전투 보조 상태라면 아군 전체에게,[버스트 스킬 재사용 시간 7.48초 ▼][공격 대미지 8.02% ▲] [10초 유지],,
라피 : 레드 후드,화력형,III,오버스펙,작열,MG(머신건),스킬1,패시브,전황 파악,풀 버스트 타임 시작 시 자신이 전투 보조 상태가 아니라면 자신에게,[공격력 95.04% ▲] [10초 유지][저지 부위 공격 대미지 48% ▲] [10초 유지],,
라피 : 레드 후드,화력형,III,오버스펙,작열,MG(머신건),스킬2,패시브,부착형 유탄,전투 시작 시 자신에게,[전격 코드 적에게 우월 코드 대미지 적용] [지속][발사체 부착 대미지 150.72% ▲] [지속][발사체 폭발 대미지 100.6% ▲] [지속],,
라피 : 레드 후드,화력형,III,오버스펙,작열,MG(머신건),스킬2,패시브,부착형 유탄,일반 공격 120회 공격 시 자신에게,[부착형 유탄]기능 : 부착형 발사체를 발사하여 적중된 위치에 부착. 풀 버스트 타임 지속 중 폭발.발사체 부착 대미지 : 최종 공격력 88.11% 대미지발사체 폭발 대미지 : 최종 공격력 88.11% 대미지최대 장탄 수 : 1발,,
라피 : 레드 후드,화력형,III,오버스펙,작열,MG(머신건),버스트,액티브(40초),계승되는 힘,< Step 1 에서 사용 시 : 부대 보조 행동 양식 >자신에게,[버스트 스킬 재사용 시간 20초 ▼][폭발 범위 100.62% ▲] [10초 유지],,
라피 : 레드 후드,화력형,III,오버스펙,작열,MG(머신건),버스트,액티브(40초),계승되는 힘,< Step 1 에서 사용 시 : 부대 보조 행동 양식 >아군 전체에게,[시전자 기준 공격력 18.01% ▲] [10초 유지],,
라피 : 레드 후드,화력형,III,오버스펙,작열,MG(머신건),버스트,액티브(40초),계승되는 힘,< Step 3 에서 사용 시 : 고기동 근접형 결전 병기 >조준선에서 가장 가까운 적 1기에게,[최종 공격력 2808% 추가 대미지],,
라피 : 레드 후드,화력형,III,오버스펙,작열,MG(머신건),버스트,액티브(40초),계승되는 힘,< Step 3 에서 사용 시 : 고기동 근접형 결전 병기 >자신에게,[폭발 범위 100.62% ▲] [10초 유지][발사체 부착 대미지 421.2% ▲] [10초 유지][스킬2 부착형 유탄 발동 횟수 조건 60회 ▼] [10초 유지],,
